Country,Year,Region,Average_Monthly_Income,Cost_of_Living,Tax_Rate,Housing_Cost_Percentage,Savings_Percentage,Healthcare_Cost_Percentage,Education_Cost_Percentage,Transportation_Cost_Percentage,TakeHome,Housing_Share_TakeHome_Percent,Savings_Share_TakeHome_Percent,Net_Savings_Room_Percent,Other_Essentials_Percentage,Savings_to_Spending_Ratio,Savings_to_Spending_Ratio_Net
Australia,2013,Oceania,3483.92,1106.07,27.5,32.09,1.74,18.23,6.94,17.19,2525.842,44.26206896551725,2.4,-41.86206896551725,-3.6900000000000084,0.01770812131080806,0.02459016393442623
India,2019,Asia,7771.03,5422.78,29.3,25.21,3.35,17.21,12.42,9.9,5494.1182100000005,35.65770862800566,4.738330975954738,-30.91937765205092,2.6099999999999994,0.0346611484738748,0.04974016332590943
Russia,2004,Europe,6991.3,3972.36,22.94,40.85,15.48,15.28,7.1,9.59,5387.49578,53.010641058915134,20.088242927588894,-32.92239813132624,-11.239999999999998,0.1831519167061051,0.25138031828515756
South Africa,2011,Africa,6628.04,6755.75,15.69,30.38,8.03,6.66,11.76,11.04,5588.1005239999995,36.03368520934646,9.524374332819356,-26.509310876527103,16.440000000000012,0.08731107969990214,0.10527005768222338
Brazil,2015,South America,2434.27,2656.36,12.44,49.27,25.06,9.34,3.63,15.09,2131.446812,56.26998629511193,28.620374600274097,-27.64961169483783,-14.829999999999998,0.33440085401654657,0.4009599999999999
Australia,2015,Oceania,1781.66,4575.3,6.16,39.23,0.44,9.65,12.05,15.23,1671.909744,41.80520034100596,0.4688832054560954,-41.33631713554986,17.240000000000013,0.0044194455604660505,0.0047109207708779435
China,2020,Asia,5514.82,6551.39,15.64,44.67,11.37,8.75,5.08,9.73,4652.302152,52.95163584637269,13.477951635846372,-39.473684210526315,4.76,0.12828613336342096,0.15577476366625564
Japan,2006,Asia,7470.32,1076.56,27.86,23.98,10.12,12.73,10.81,7.0,5389.088848,33.24092043249237,14.028278347657333,-19.21264208483504,7.499999999999998,0.11259457053849577,0.16317316994517897
Australia,2003,Oceania,4675.72,6585.71,37.84,45.86,0.58,13.03,9.36,14.49,2906.4275519999997,73.77734877734878,0.9330759330759331,-72.84427284427285,-21.160000000000004,0.005833836250251458,0.009418642416368951
Russia,2000,Europe,4787.1,4940.05,35.49,47.68,3.73,10.35,14.08,6.92,3088.15821,73.91102154704699,5.782049294682996,-68.128972252364,-18.250000000000007,0.03874519580346941,0.06136887133925635
Russia,2004,Europe,2599.84,847.72,31.81,34.61,12.41,10.31,7.04,13.68,1772.830896,50.755242704208825,18.199149435401086,-32.55609326880774,-9.860000000000003,0.1416828405069072,0.222481176048763
South Africa,2022,Africa,6271.2,2386.36,32.6,38.19,14.79,17.43,2.86,15.4,4226.788799999999,56.66172106824925,21.943620178041538,-34.71810089020771,-21.26999999999999,0.1735711770918906,0.2811252613571563
Brazil,2009,South America,1902.83,5073.94,28.27,42.94,12.13,16.84,2.25,15.51,1364.899959,59.86337655095496,16.910637111389935,-42.95273943956502,-17.939999999999998,0.1380448389666553,0.2035234899328859
India,2021,Asia,2927.59,844.51,14.11,25.25,15.93,9.62,12.75,16.3,2514.507051,29.39806729537781,18.54697869367796,-10.85108860169985,6.040000000000003,0.18948495301534438,0.2277015437392796
South Africa,2004,Africa,3690.77,4242.33,36.75,35.08,17.85,18.71,8.82,18.09,2334.412025,55.46245059288537,28.22134387351779,-27.24110671936758,-35.3,0.2172854534388314,0.39317180616740094
South Africa,2003,Africa,4307.08,2682.83,28.48,31.96,0.3,19.29,12.08,12.5,3080.423616,44.68680089485459,0.41946308724832215,-44.26733780760627,-4.610000000000001,0.003009027081243731,0.004212299915754001
Japan,2001,Asia,2318.07,4498.04,24.62,24.39,13.92,9.9,5.05,15.95,1747.3611660000001,32.35606261607854,18.466436720615548,-13.889625895462991,6.169999999999995,0.16171003717472118,0.2264887731858119
Canada,2019,North America,1361.28,701.9,8.88,31.03,28.9,10.32,6.49,14.29,1240.398336,34.05399473222125,31.71641791044776,-2.3375768217734887,0.09000000000000519,0.40646976090014064,0.46448087431693985
Brazil,2009,South America,5079.65,6152.14,20.65,22.05,15.57,12.58,2.39,7.8,4030.7022749999996,27.788279773156905,19.62192816635161,-8.166351606805296,18.959999999999997,0.1844131232974061,0.24412041392285988
Germany,2018,Europe,2664.73,6825.03,21.11,20.77,20.33,19.12,14.5,5.39,2102.205497,26.32779820002535,25.77005957662568,-0.5577386233996684,-1.2199999999999944,0.25517760763147984,0.34716530054644806
South Africa,2000,Africa,4859.29,6794.59,35.26,24.05,9.36,18.14,10.68,9.27,3145.904346,37.14859437751004,14.457831325301202,-22.690763052208837,-6.759999999999987,0.10326566637246248,0.16901408450704222
Mexico,2023,North America,1657.72,5347.7,24.13,48.89,23.22,6.54,14.13,11.65,1257.712164,64.43917226835376,30.60498220640569,-33.834190061948064,-28.559999999999995,0.30242250586090125,0.4410256410256409
Canada,2004,North America,4108.55,1258.57,18.31,36.49,23.19,10.89,5.45,14.26,3356.274495,44.66887011874159,28.387807565185458,-16.28106255355613,-8.590000000000007,0.30191381330555916,0.39641025641025646
Germany,2012,Europe,4494.42,5404.54,39.19,48.97,15.64,13.3,9.95,17.75,2733.0568020000005,80.52951817135339,25.71945403716494,-54.81006413418845,-44.8,0.1853959222380275,0.3462475094088997
Mexico,2003,North America,888.68,562.27,8.88,32.97,29.28,12.55,10.82,7.94,809.765216,36.1830553116769,32.13345039508341,-4.049604916593495,-2.439999999999997,0.414027149321267,0.4734799482535576
Brazil,2015,South America,3024.53,546.02,19.79,29.35,3.77,7.91,6.13,6.88,2425.9755130000003,36.59144745044259,4.700162074554295,-31.89128537588829,26.170000000000005,0.03917697183830406,0.04931972789115646
United States,2023,North America,1508.11,2535.83,6.47,35.18,0.51,17.88,13.03,19.45,1410.535283,37.613599914465944,0.5452795894365444,-37.0683203250294,7.4800000000000075,0.00512614333098804,0.005482691894216298
Mexico,2015,North America,975.31,3625.05,30.9,33.19,23.1,15.15,14.31,6.62,673.93921,48.03183791606367,33.42981186685962,-14.60202604920405,-23.270000000000007,0.30039011703511054,0.5021739130434782
China,2022,Asia,7924.7,5484.69,37.13,23.17,24.21,17.57,13.5,12.18,4982.25889,36.85382535390489,38.508032447908384,1.654207094003496,-27.760000000000005,0.3194352816994327,0.6262286601138128
Canada,2001,North America,2917.65,4909.75,14.8,39.22,3.61,17.88,11.61,13.78,2485.8378000000002,46.032863849765256,4.237089201877934,-41.79577464788732,-0.8999999999999932,0.037452017844174706,0.044245618335580335
Mexico,2016,North America,6574.06,3342.96,35.04,26.48,7.97,16.23,5.61,13.12,4270.509376,40.76354679802955,12.269088669950737,-28.494458128078815,-4.449999999999994,0.08660219493643377,0.1398490963326899
France,2019,Europe,2409.8,2205.94,15.23,38.59,0.53,11.59,5.66,6.29,2042.7874600000002,45.52318037041407,0.6252211867405922,-44.89795918367348,22.10999999999999,0.005328239670252337,0.006291547958214625
United States,2023,North America,5611.27,6981.02,36.88,39.51,8.8,14.16,14.52,5.86,3541.8336240000003,62.59505703422054,13.941698352344742,-48.653358681875794,-19.73,0.09649122807017545,0.16200294550810018
Russia,2011,Europe,6201.71,3212.8,31.39,24.56,23.19,7.41,2.13,6.58,4254.9932309999995,35.79653111791284,33.79973764757324,-1.996793470339604,4.739999999999997,0.30191381330555916,0.510568031704095
Russia,2017,Europe,4967.29,3379.15,33.17,21.84,15.54,15.1,11.31,13.78,3319.639907,32.6799341613048,23.253030076313035,-9.426904084991765,-10.740000000000004,0.1839924224484963,0.3029830376291675
China,2002,Asia,4036.82,1479.92,5.63,43.42,10.44,7.69,11.18,13.17,3809.547034,46.01038465614072,11.06283776623927,-34.94754688990145,8.470000000000008,0.11656989727556945,0.12438937209579409
Mexico,2000,North America,3588.81,5645.74,38.7,33.79,11.15,15.41,10.09,8.51,2199.94053,55.12234910277325,18.189233278955953,-36.933115823817296,-17.65,0.12549240292628025,0.22233300099700892
Mexico,2000,North America,3116.51,4978.3,30.43,21.74,0.04,8.44,14.87,14.57,2168.156007,31.249101624263332,0.05749604714675867,-31.191605577116572,9.910000000000004,0.00040016006402561027,0.0005752912411908529
Japan,2018,Asia,7471.47,1857.08,15.67,49.85,8.99,6.76,6.05,17.3,6300.690651,59.11300841930511,10.660500415036168,-48.45250800426894,-4.6200000000000045,0.09878035380727393,0.11932572338731087
Mexico,2010,North America,6729.65,943.71,34.03,21.73,19.39,7.48,6.42,5.62,4439.550104999999,32.93921479460361,29.39214794603608,-3.5470668485675283,5.329999999999994,0.24054087582185835,0.4162730785744956
Australia,2004,Oceania,7737.7,4891.3,14.85,40.85,29.23,5.03,3.03,12.47,6588.6515500000005,47.974163241338815,34.327657075748675,-13.64650616559014,-5.459999999999997,0.4130281192595733,0.5227110157367667
India,2011,Asia,1432.23,4719.77,35.55,49.51,25.41,15.78,7.76,15.34,923.0722350000001,76.81923972071372,39.42591155934833,-37.393328161365396,-49.349999999999994,0.3406622871698619,0.6508709016393442
France,2002,Europe,5981.51,2203.51,8.94,27.18,0.71,15.99,5.39,8.78,5446.763006,29.84845157039315,0.7797056885569953,-29.068745881836154,33.01,0.007150770470339409,0.007858328721638073
Japan,2000,Asia,7537.55,6675.7,29.63,24.27,26.96,12.72,6.46,9.62,5304.173935,34.489128890152045,38.31178058831888,3.822651698166837,-9.659999999999993,0.3691128148959475,0.6210550564386085
Brazil,2000,South America,1859.25,1396.98,23.92,23.64,23.5,7.42,12.85,14.2,1414.5174,31.07255520504732,30.888538380651948,-0.18401682439537126,-5.530000000000003,0.30718954248366015,0.44693799923925454
Japan,2007,Asia,998.72,3253.41,8.38,29.1,23.41,6.25,14.16,18.47,915.0272640000001,31.761624099541585,25.551189696572802,-6.210434402968783,0.23000000000000043,0.30565347956652306,0.3432048086790793
Australia,2009,Oceania,6058.4,6627.87,13.47,23.03,13.74,5.29,4.41,17.15,5242.333519999999,26.615046804576448,15.878885935513695,-10.736160869062752,22.910000000000004,0.15928587989798285,0.18876219260887486
Brazil,2010,South America,4808.55,3170.2,5.43,40.76,11.94,7.49,6.84,13.75,4547.445735,43.10034894786931,12.62556836205985,-30.474780585809455,13.789999999999996,0.13558937088348852,0.14449957642502723
France,2011,Europe,6813.72,4614.27,21.41,21.87,9.09,18.36,14.07,15.95,5354.902548000001,27.82796793485176,11.566357042880773,-16.26161089197099,-0.7500000000000036,0.09998900010999891,0.1307913669064748
Australia,2012,Oceania,1548.29,3024.12,15.54,35.28,1.97,8.62,2.8,10.47,1307.685734,41.77125266398295,2.3324650722235374,-39.438787591759414,25.320000000000014,0.020095889013567275,0.023881682628197353
Germany,2011,Europe,6464.5,2209.82,25.94,49.9,6.85,10.31,3.2,14.61,4787.6087,67.37780178233864,9.24925735889819,-58.128544423440445,-10.809999999999999,0.07353730542136339,0.10191935723850616
India,2013,Asia,2012.2,6894.25,15.4,44.42,7.4,6.58,4.12,11.99,1702.3212,52.505910165484636,8.747044917257686,-43.758865248226954,10.089999999999995,0.0799136069114471,0.09585492227979278
France,2001,Europe,1727.42,3101.6,15.5,38.46,14.52,8.34,9.74,7.85,1459.6699,45.514792899408285,17.183431952662723,-28.331360946745562,5.59,0.16986429574169395,0.20748785367247785
Mexico,2018,North America,1731.99,6301.05,31.01,29.19,22.42,12.79,3.96,15.53,1194.899901,42.31047977967822,32.49746340049283,-9.813016379185385,-14.900000000000002,0.2889920082495489,0.4814258106076875
Germany,2017,Europe,6609.31,1917.7,6.68,38.72,14.21,14.12,14.58,13.35,6167.808092,41.49164166309473,15.227175310758682,-26.26446635233605,-1.6600000000000037,0.1656370206317753,0.1796233093161421
China,2002,Asia,5488.98,1806.49,36.6,35.81,1.74,8.68,7.81,10.38,3480.0133199999996,56.48264984227129,2.744479495268139,-53.738170347003155,-1.0200000000000014,0.01770812131080806,0.02821926694777814
France,2022,Europe,4422.99,605.48,34.83,32.78,28.73,5.87,8.52,18.67,2882.4625829999995,50.29921743133343,44.08470154979285,-6.214515881540585,-29.400000000000002,0.4031149151115477,0.7884193194291986
China,2016,Asia,3191.23,4701.0,28.37,23.92,28.28,10.87,5.21,5.31,2285.878049,33.39382940108893,39.48066452603658,6.086835124947648,-1.9600000000000062,0.3943112102621305,0.6523644752018455
Brazil,2007,South America,7079.0,2832.27,25.76,46.6,23.56,8.51,8.12,9.74,5255.4496,62.76939655172414,31.73491379310345,-31.034482758620694,-22.290000000000006,0.3082155939298796,0.4648776637726914
Germany,2009,Europe,3443.34,6104.76,36.23,33.49,29.74,8.29,10.6,5.85,2195.817918,52.516857456484246,46.63634938058648,-5.880508075897765,-24.199999999999996,0.4232849416453173,0.8739347634440198
India,2001,Asia,6624.5,3523.19,11.49,25.84,16.33,19.4,11.77,16.5,5863.34495,29.19444130606711,18.449892667495195,-10.744548638571914,-1.3299999999999947,0.19517150711127043,0.22623995566638955
Mexico,2018,North America,3793.51,6790.08,7.76,31.03,28.88,14.24,11.8,15.53,3499.133624,33.64050303555942,31.309627059843887,-2.330875975715532,-9.240000000000004,0.40607424071991,0.4558080808080808
Mexico,2008,North America,3327.08,1624.47,13.38,32.42,2.27,13.35,9.51,9.97,2881.916696,37.42784576310321,2.620641884091434,-34.80720387901177,19.1,0.023227258774173743,0.02691167753408417
Australia,2006,Oceania,3970.1,6132.91,32.81,44.83,10.97,11.24,13.76,15.13,2667.5101899999995,66.72123827950588,16.326834350349756,-50.39440392915613,-28.740000000000002,0.12321689318207346,0.19512628957666314
Mexico,2003,North America,2760.33,5525.54,6.21,42.01,6.76,11.43,12.63,10.94,2588.9135069999998,44.791555602942736,7.207591427657532,-37.5839641752852,10.020000000000008,0.0725010725010725,0.07767436516143858
South Africa,2020,Africa,6107.07,5488.08,25.4,43.08,5.87,13.11,11.84,16.34,4555.87422,57.747989276139414,7.8686327077748,-49.879356568364614,-15.640000000000004,0.06236056517582068,0.08540666375672924
Japan,2017,Asia,4270.4,5975.57,39.84,20.33,4.22,15.45,2.72,11.81,2569.0726399999994,33.79321808510638,7.014627659574469,-26.778590425531913,5.630000000000001,0.04405930256838588,0.07543796925277083
United States,2012,North America,2241.6,5422.76,34.95,32.48,18.67,15.53,2.09,11.18,1458.1607999999999,49.93082244427363,28.7009992313605,-21.229823212913132,-14.9,0.22955858846674046,0.40254420008624414
India,2010,Asia,7246.81,4533.05,23.25,34.44,23.44,7.58,4.76,19.02,5561.926675,44.8729641693811,30.54071661237785,-14.33224755700325,-12.489999999999998,0.30616509926854757,0.4396923654098668
Germany,2023,Europe,3379.18,1266.22,7.23,20.58,17.35,12.5,10.63,8.76,3134.8652859999997,22.18389565592325,18.70216664870109,-3.4817290072221603,22.949999999999996,0.20992135511191773,0.2300450808804031
South Africa,2003,Africa,4576.65,614.67,34.1,27.79,4.41,11.18,7.35,6.81,3016.01235,42.16995447647951,6.691957511380879,-35.47799696509863,8.360000000000003,0.04613453290093106,0.07171897869572287
India,2020,Asia,7298.54,6477.6,25.96,42.81,24.33,18.06,7.23,13.77,5403.839016,57.82009724473258,32.86061588330632,-24.959481361426256,-32.16000000000001,0.3215276860050218,0.4894387447193724
Germany,2003,Europe,5181.78,4469.89,9.02,24.11,19.08,14.47,13.5,19.54,4714.383443999999,26.500329742800616,20.971642119147063,-5.528687623653553,0.28000000000000824,0.2357884330202669,0.2653685674547983
Canada,2009,North America,1376.74,5657.15,8.29,36.06,11.64,12.99,13.64,10.67,1262.608254,39.319594373568854,12.692181877657834,-26.62741249591102,6.710000000000003,0.13173381620642827,0.14537279880104909
Canada,2004,North America,7548.74,3578.05,36.84,26.46,20.22,6.73,13.82,5.93,4767.784183999999,41.893603546548455,32.01393286890437,-9.879670677644086,-10.000000000000004,0.25344697919278014,0.47088961341406615
China,2008,Asia,5207.81,1174.23,28.42,20.36,7.8,14.08,6.08,10.09,3727.750398,28.44369935736239,10.896898575020955,-17.546800782341435,13.170000000000005,0.08459869848156182,0.12229539040451551
India,2023,Asia,3011.79,1226.23,34.03,27.24,10.36,6.76,10.98,12.59,1986.877863,41.29149613460664,15.704107927845989,-25.58738820676065,-1.9599999999999937,0.11557340473003123,0.18629742852005032
Canada,2002,North America,1544.54,4924.73,35.76,49.28,27.52,10.06,5.53,7.43,992.2124960000001,76.71232876712328,42.83935242839352,-33.872976338729764,-35.57999999999999,0.37969094922737306,0.7494553376906317
Germany,2016,Europe,6455.19,3240.02,25.01,44.05,8.72,7.14,4.48,14.87,4840.746980999999,58.74116548873183,11.62821709561275,-47.11294839311908,-4.270000000000001,0.09553023663453111,0.13158291836426741
China,2002,Asia,5150.55,1723.46,23.11,48.79,14.1,15.38,4.4,19.97,3960.257895,63.45428534269736,18.33788529067499,-45.11640005202237,-25.75,0.16414435389988358,0.22455805064500717
Mexico,2015,North America,4500.96,3644.52,20.06,34.64,26.7,8.09,6.45,11.78,3598.067424,43.332499374530904,33.400050037528146,-9.932449337002758,-7.7200000000000015,0.36425648021828105,0.5015026296018031
Germany,2003,Europe,7204.19,823.78,16.09,23.29,21.23,10.88,7.59,10.32,6045.0358289999995,27.7559289715171,25.300917649862946,-2.4550113216541547,10.599999999999998,0.2695188523549575,0.3387045309508615
China,2017,Asia,6414.48,4241.01,20.21,36.44,1.87,18.44,12.8,11.01,5118.113592,45.66988344404061,2.3436520867276602,-43.32623135731295,-0.7700000000000049,0.019056353816366046,0.02399897330595483
India,2016,Asia,1637.56,2175.36,32.09,33.63,4.42,8.06,3.56,6.73,1112.066996,49.52142541599176,6.508614342512149,-43.01281107347961,11.509999999999991,0.04624398409709144,0.06961726256103325
South Africa,2006,Africa,2837.92,5663.89,26.07,45.33,0.24,12.62,11.55,18.25,2098.0742560000003,61.31475720275936,0.3246314080887326,-60.990125794670625,-14.05999999999999,0.0024057738572574178,0.0032568869588818026
Australia,2023,Oceania,2363.67,2448.39,36.24,22.94,18.93,11.29,8.91,11.22,1507.0759919999998,35.978670012547056,29.689460476787954,-6.2892095357591025,-9.530000000000006,0.23350191192796352,0.4222618782065581
Mexico,2022,North America,6079.6,3404.45,20.52,34.65,13.43,5.27,5.74,10.81,4832.06608,43.59587317564167,16.897332662304983,-26.698540513336688,9.580000000000007,0.1551345731777752,0.20333080999243
France,2004,Europe,751.49,476.7,26.25,24.5,4.03,16.89,8.41,14.9,554.223875,33.220338983050844,5.464406779661017,-27.755932203389825,5.019999999999998,0.0419922892570595,0.057802639127940335
South Africa,2011,Africa,4774.17,878.15,27.1,29.74,28.74,6.04,5.9,11.63,3480.36993,40.79561042524005,39.4238683127572,-1.371742112482849,-9.149999999999988,0.4033118158854897,0.6508152173913042
Brazil,2016,South America,6218.44,2990.46,25.71,42.12,15.89,12.11,9.75,14.72,4619.679075999999,56.69672903486338,21.389150625925428,-35.30757840893796,-20.300000000000004,0.18891927238140532,0.2720890410958904
Germany,2022,Europe,7075.74,3567.6,29.59,34.28,7.26,13.41,7.64,5.92,4982.028533999999,48.68626615537566,10.311035364294845,-38.37523079108082,1.8999999999999977,0.07828337287039035,0.11496437054631832
Brazil,2012,South America,3065.61,4360.14,13.31,31.28,15.02,14.43,4.14,17.21,2657.5773090000002,36.08259314799862,17.326104510324143,-18.75648863767448,4.609999999999999,0.1767474699929395,0.20957164783033347
South Africa,2022,Africa,6659.43,2324.97,22.93,31.83,20.39,15.33,3.52,19.11,5132.4227009999995,41.30011677695602,26.456468145841445,-14.843648631114572,-13.110000000000005,0.25612360256249217,0.35973888496824274
China,2002,Asia,1329.74,4986.88,8.65,33.78,2.29,8.8,9.11,14.73,1214.71749,36.97865353037767,2.506841817186645,-34.47181171319102,22.63999999999999,0.023436700440077785,0.025713002470244783
France,2008,Europe,6848.39,6076.81,18.46,43.55,8.24,5.15,13.73,19.32,5584.177206,53.409369634535196,10.105469708118715,-43.30389992641648,-8.450000000000006,0.08979947689625109,0.11241473396998637
Mexico,2016,North America,1456.16,5547.02,22.07,46.76,24.21,15.85,6.47,7.27,1134.785488,60.00256640574874,31.066341588605155,-28.936224817143582,-22.629999999999992,0.3194352816994327,0.45067014147431117
Mexico,2016,North America,3479.65,661.48,27.83,48.66,13.79,13.03,11.53,12.16,2511.263405,67.42413745323542,19.107662463627545,-48.31647498960787,-26.999999999999993,0.15995824150330584,0.23621103117505993
Mexico,2019,North America,6479.72,3571.35,38.27,43.61,16.4,17.54,10.56,14.03,3999.931156,70.64636319455695,26.567309249959496,-44.07905394459746,-40.410000000000004,0.19617224880382775,0.36179130818442523
France,2015,Europe,1624.38,1092.54,26.02,29.46,12.98,17.32,14.11,13.73,1201.7163240000002,39.82157339821573,17.54528250878616,-22.276290889429575,-13.619999999999997,0.1491611123879568,0.2127868852459016
United States,2021,North America,2219.39,1997.5,31.03,40.64,1.32,17.65,12.67,11.02,1530.7132829999998,58.92416992895462,1.9138755980861246,-57.0102943308685,-14.33,0.013376570733684636,0.019512195121951223
France,2012,Europe,5916.89,6911.97,22.72,33.13,4.97,12.28,9.37,10.07,4572.572592,42.870082815734996,6.4311594202898545,-36.438923395445144,7.460000000000001,0.052299273913501,0.06873184898354308
Australia,2018,Oceania,5900.27,1340.47,27.19,27.64,13.37,10.0,10.54,6.9,4295.986587,37.96181843153413,18.362862244197224,-19.598956187336903,4.360000000000005,0.15433452614567703,0.22493270524899053
France,2016,Europe,5308.61,3692.66,7.48,45.23,6.28,16.87,13.68,10.88,4911.5259719999995,48.88672719412019,6.787721573713792,-42.0990056204064,-0.4200000000000035,0.0670081092616304,0.0728200371057514
South Africa,2003,Africa,5704.61,4479.83,13.9,21.15,1.5,11.77,7.19,7.44,4911.66921,24.56445993031359,1.742160278745645,-22.822299651567945,37.05,0.015228426395939087,0.01773049645390071
United States,2011,North America,4570.43,5036.27,17.66,47.05,25.31,7.75,6.25,16.02,3763.2920620000004,57.141122176341995,30.738401748846243,-26.40272042749575,-20.039999999999992,0.33886731824876154,0.443801507978257
Mexico,2008,North America,2388.49,4093.68,21.54,33.84,29.44,17.82,2.14,8.13,1874.0092539999998,43.130257456028545,37.522304358909,-5.607953097119548,-12.909999999999998,0.41723356009070295,0.6005711954304366
South Africa,2018,Africa,3092.72,464.49,6.6,39.12,23.79,18.24,12.75,5.88,2888.6004799999996,41.88436830835117,25.471092077087793,-16.413276231263378,-6.379999999999989,0.31216375803700297,0.34176124120097684
South Africa,2011,Africa,1861.98,2554.64,9.9,39.78,25.61,11.99,12.41,13.29,1677.64398,44.15094339622642,28.423973362930077,-15.72697003329634,-12.980000000000006,0.3442667025137787,0.39711583191192434
Russia,2008,Europe,7313.38,3816.9,14.69,46.85,7.26,6.14,3.36,13.93,6239.044478,54.91736021568398,8.510139491267143,-46.40722072441683,7.770000000000003,0.07828337287039035,0.09301729660474055
Japan,2006,Asia,4875.44,979.92,39.0,39.1,28.82,10.82,9.5,18.08,2974.0183999999995,64.09836065573771,47.24590163934426,-16.852459016393446,-45.32,0.4048890137679123,0.8955873213175884
United States,2013,North America,3506.39,2714.14,16.6,38.42,5.91,17.05,8.03,13.65,2924.32926,46.06714628297362,7.086330935251799,-38.980815347721816,0.34000000000000696,0.06281220108406844,0.07626790553619822
South Africa,2019,Africa,3965.04,619.14,21.87,22.0,28.54,18.53,3.54,10.18,3097.885752,28.15819787533598,36.52886215282222,8.370664277486242,-4.660000000000005,0.3993842709207948,0.5755192579149023
Japan,2018,Asia,7604.63,918.62,11.86,35.55,29.84,8.05,14.75,17.05,6702.720882,40.33356024506467,33.85523031540731,-6.478329929657356,-17.099999999999998,0.42531356898517675,0.511835334476844
Japan,2014,Asia,1650.14,3019.69,26.38,24.51,21.35,6.0,4.79,13.1,1214.833068,33.292583537082315,29.00027166530834,-4.292311871773975,3.869999999999999,0.27145581691036236,0.40845609336139277
United States,2015,North America,4896.72,1275.92,14.82,42.12,29.43,18.16,2.87,6.19,4171.0260960000005,49.44822728339985,34.55036393519605,-14.8978633482038,-13.589999999999991,0.4170327334561429,0.5278923766816144
Russia,2020,Europe,4294.17,4145.77,12.24,35.37,17.09,10.84,9.73,13.49,3768.563592,40.30309936189608,19.47356426618049,-20.829535095715592,1.2400000000000109,0.20612712579905923,0.2418282156502051
Brazil,2004,South America,5085.91,4950.47,23.08,40.41,7.79,13.13,11.61,18.62,3912.081972,52.535101404056164,10.127405096203848,-42.40769630785232,-14.639999999999995,0.08448107580522721,0.11268624330970635
China,2002,Asia,635.83,5683.87,5.19,21.25,13.11,19.52,2.42,10.94,602.830423,22.413247547727032,13.827655310621243,-8.58559223710579,27.570000000000007,0.15088042352399586,0.16046511627906976
Australia,2011,Oceania,7040.93,1720.99,5.27,22.54,17.81,6.0,10.56,9.44,6669.872989,23.793940673493083,18.800802280164678,-4.993138393328405,28.379999999999995,0.21669302834894755,0.23153926157046278
China,2019,Asia,7490.89,1505.39,12.67,41.49,2.19,14.72,8.92,7.15,6541.794237,47.50944692545517,2.507729302645139,-45.001717622810034,12.859999999999998,0.022390348635108883,0.025722339675828047
France,2020,Europe,4738.5,1090.15,6.29,22.16,18.67,6.11,3.34,7.27,4440.448350000001,23.647422900437522,19.92316721801302,-3.724255682424502,36.16,0.22955858846674046,0.24880063965884863
Mexico,2003,North America,5724.88,4600.44,8.78,22.14,29.44,10.63,4.24,11.49,5222.235536,24.270993203244903,32.273624205218155,8.002631001973253,13.279999999999996,0.41723356009070295,0.47652962123664616
Australia,2020,Oceania,7418.75,5062.74,16.86,20.36,5.7,17.06,9.38,13.94,6167.9487500000005,24.488814048592733,6.855905701226847,-17.632908347365884,16.699999999999996,0.06044538706256628,0.07360537190082646
France,2022,Europe,5804.29,608.47,33.09,48.7,23.78,11.5,5.85,6.21,3883.650439,72.78433716933195,35.54027798535346,-37.244059183978486,-29.13000000000001,0.3119916032537392,0.5513563644794808
South Africa,2015,Africa,1644.04,6579.0,25.02,42.13,27.24,19.96,14.2,19.09,1232.701192,56.188316884502534,36.3296879167778,-19.858628967724734,-47.64,0.37438152831225946,0.5705906996229575
Mexico,2006,North America,4822.16,743.01,22.94,30.6,28.31,13.39,12.64,16.33,3715.956496,39.7093174150013,36.737607059434204,-2.9717103555670974,-24.209999999999997,0.39489468545124845,0.5807179487179487
Germany,2012,Europe,5050.36,3972.56,15.27,28.9,28.8,9.82,14.79,13.8,4279.170028,34.10834415201227,33.99032219992918,-0.1180219520830903,-11.379999999999995,0.4044943820224719,0.5149293760057213
United States,2020,North America,3680.98,5079.8,37.61,30.49,15.64,8.3,5.38,17.43,2296.563422,48.87001121974675,25.068119891008173,-23.801891328738577,-14.849999999999998,0.1853959222380275,0.3345454545454545
Australia,2009,Oceania,6023.33,6148.4,18.9,43.24,29.32,10.26,14.61,6.2,4884.9206300000005,53.316892725030826,36.152897657213316,-17.16399506781751,-22.530000000000005,0.41482739105829086,0.5662417921977598
Australia,2006,Oceania,7507.75,5112.97,8.05,39.84,22.72,10.59,7.61,12.15,6903.376125,43.3278955954323,24.709081022294725,-18.618814573137577,-0.9599999999999991,0.2939958592132505,0.3281814242380471
South Africa,2013,Africa,7441.76,5691.41,26.6,25.56,4.85,6.03,6.52,14.45,5462.25184,34.822888283378745,6.607629427792914,-28.21525885558583,15.990000000000002,0.05097214923804518,0.07075127644055433
Brazil,2004,South America,3881.3,2640.37,8.98,25.22,14.31,10.54,2.65,17.43,3532.7592600000003,27.708196000878928,15.721819380355967,-11.986376620522961,20.869999999999997,0.16699731590617342,0.1865467344544388
Japan,2002,Asia,1349.29,5777.85,17.08,22.95,21.55,11.96,2.69,16.75,1118.8312680000001,27.677279305354556,25.988904968644476,-1.6883743367100799,7.02,0.2746972594008923,0.3511487697572104
Mexico,2022,North America,7886.31,928.76,22.76,39.81,7.42,15.84,11.0,9.16,6091.385844,51.540652511652,9.606421543241844,-41.934230968410155,-5.990000000000009,0.08014689997839707,0.10627327413348613
South Africa,2010,Africa,6791.74,6305.79,35.6,42.93,19.22,14.85,7.95,19.11,4373.88056,66.6614906832298,29.844720496894407,-36.81677018633539,-39.66,0.23793018073780636,0.4254094732182381
Canada,2010,North America,1434.97,4014.11,22.27,27.95,20.0,15.63,4.94,6.87,1115.402181,35.957802650199405,25.730091341824263,-10.227711308375142,2.3400000000000007,0.25,0.34644032565390614
Russia,2017,Europe,7406.31,5794.17,29.58,20.63,4.88,5.13,9.98,18.13,5215.523502,29.295654643567165,6.929849474581085,-22.36580516898608,11.670000000000002,0.051303616484440706,0.07445834604821483
Japan,2014,Asia,7024.22,3385.3,39.75,22.47,16.95,8.27,5.29,19.56,4232.09255,37.294605809128626,28.13278008298755,-9.161825726141075,-12.289999999999996,0.2040939193257074,0.39145496535796764
United States,2011,North America,4391.29,4647.61,9.6,49.04,23.15,14.93,9.51,7.66,3969.72616,54.24778761061947,25.608407079646017,-28.63938053097345,-13.889999999999992,0.30123617436564737,0.3442379182156134
Japan,2008,Asia,4934.57,3874.26,14.62,28.86,14.97,12.26,6.67,15.83,4213.135866,33.80182712579058,17.53338018271258,-16.268446943078,6.789999999999997,0.17605550982006352,0.2126118449083937
Brazil,2009,South America,3492.52,5228.49,18.81,43.08,0.36,5.08,12.71,5.6,2835.5769880000003,53.06072176376401,0.44340436014287476,-52.61731740362113,14.360000000000001,0.0036130068245684463,0.0044537919089446985
Japan,2011,Asia,910.71,938.76,19.76,38.74,0.27,17.07,12.67,11.08,730.7537040000001,48.2801595214357,0.3364905284147558,-47.94366899302094,0.4099999999999895,0.0027073097362879774,0.003376266099787421
United States,2016,North America,3013.98,798.32,19.39,31.46,10.71,16.59,8.21,12.74,2429.569278,39.027415953355664,13.286192780052103,-25.74122317330356,0.8999999999999968,0.11994624258035616,0.15321888412017168
Brazil,2005,South America,6521.4,2030.88,36.77,26.17,27.79,13.23,6.56,13.71,4123.48122,41.38858136960304,43.95065633401866,2.562074964415622,-24.230000000000004,0.38484974380279735,0.7841422121896163
China,2006,Asia,534.74,1452.99,29.99,23.64,6.86,6.0,6.71,19.04,374.371474,33.76660477074703,9.798600199971434,-23.968004570775598,7.760000000000005,0.07365256602963281,0.1086302454473476
Australia,2013,Oceania,3001.24,6153.77,26.28,38.45,19.03,16.5,12.47,15.08,2212.514128,52.15680954964732,25.81389039609333,-26.34291915355399,-27.810000000000006,0.2350253180190194,0.3479612360577803
Australia,2012,Oceania,3486.27,1846.81,15.83,43.24,6.66,13.76,6.27,12.22,2934.393459,51.372222882262086,7.912557918498277,-43.45966496376381,2.019999999999998,0.0713520462824084,0.08592439685201908
Russia,2007,Europe,4530.47,6840.71,33.83,39.32,9.65,16.73,4.72,17.15,2997.811999,59.42269910835726,14.58364817893305,-44.839050929424204,-21.399999999999995,0.10680686220254566,0.17073602264685067
France,2009,Europe,7398.92,2623.51,38.43,35.91,25.44,16.28,3.1,19.26,4555.515044000001,58.32385902225109,41.3188241026474,-17.005034919603695,-38.42,0.34120171673819744,0.7041239966786605
China,2008,Asia,3097.59,1601.98,33.74,21.26,21.87,17.05,8.07,5.33,2052.463134,32.08572290974948,33.00633866586176,0.9206157561122836,-7.320000000000016,0.2799180852425445,0.49267853120072097
China,2017,Asia,3102.15,5612.01,5.05,49.05,2.86,12.77,8.27,19.74,2945.491425,51.65876777251185,3.0121116377040544,-48.6466561348078,2.2600000000000087,0.029442042413012147,0.03105657508958627
Mexico,2001,North America,6031.26,4747.47,27.27,43.96,12.86,7.1,12.93,6.29,4386.535398000001,60.44273339749759,17.68183693111508,-42.76089646638251,-10.409999999999997,0.14757860913472573,0.21479873058292964
Japan,2004,Asia,3891.63,3688.09,6.79,28.78,0.88,15.07,4.88,17.22,3627.388323,30.87651539534385,0.9441047097950863,-29.932410685548763,26.37999999999999,0.008878127522195318,0.009531030001083072
Australia,2004,Oceania,2184.54,4065.4,14.02,49.4,14.43,14.31,6.95,9.21,1878.267492,57.455222144684804,16.782972784368457,-40.67224936031634,-8.319999999999997,0.16863386700946595,0.20167714884696017
United States,2005,North America,3893.3,5146.73,7.08,38.06,19.87,16.13,12.51,6.98,3617.6543600000005,40.95996556177357,21.383986224709428,-19.575979337064144,-0.6300000000000043,0.24797204542618248,0.2720054757015743
India,2018,Asia,1556.43,1907.8,26.13,37.47,3.56,7.55,12.71,11.6,1149.7348410000002,50.72424529578989,4.8192771084337345,-45.90496818735616,0.9800000000000022,0.03691414350891746,0.05063291139240506
India,2007,Asia,1822.9,6975.8,29.03,42.44,8.67,7.92,7.0,14.66,1293.7121300000001,59.79991545723545,12.216429477243906,-47.58348597999154,-9.72,0.0949304719150334,0.13916532905296952
Brazil,2015,South America,4237.76,6833.63,9.01,44.35,11.94,18.36,7.97,10.71,3855.9378240000005,48.74161995823717,13.122321134190571,-35.6192988240466,-2.3400000000000034,0.13558937088348852,0.15104364326375713
Australia,2012,Oceania,3641.94,4692.15,18.43,39.69,27.59,16.25,5.94,5.82,2970.730458,48.65759470393527,33.8237096971926,-14.833885006742669,-13.720000000000006,0.3810247203424941,0.5111152278621712
Australia,2000,Oceania,7361.34,1716.98,20.97,23.84,29.8,18.62,14.12,13.99,5817.667002,30.165759838036188,37.707199797545236,7.541439959509049,-21.340000000000003,0.4245014245014245,0.6053219581555963
Russia,2021,Europe,3217.95,4889.51,17.92,30.15,1.35,16.38,3.54,18.54,2641.2933599999997,36.73245614035088,1.6447368421052635,-35.08771929824562,12.120000000000005,0.01368474404460213,0.016722408026755856
India,2019,Asia,4854.41,876.51,9.24,47.84,22.83,13.96,14.14,10.75,4405.862515999999,52.71044513001322,25.154252974878798,-27.556192155134422,-18.759999999999998,0.2958403524685758,0.33608126012071243
Australia,2016,Oceania,5241.98,602.31,19.66,26.74,11.15,14.81,10.89,8.24,4211.4067319999995,33.28354493403037,13.878516305700773,-19.405028628329596,8.510000000000007,0.12549240292628025,0.16115045526810234
Russia,2006,Europe,598.21,2100.71,31.29,31.17,11.77,18.34,8.91,11.64,411.030091,45.364575753165475,17.129966525978748,-28.234609227186727,-13.119999999999994,0.13340133741357812,0.20670881629785734
Japan,2012,Asia,5476.53,3453.31,7.49,32.96,22.63,13.68,2.42,5.73,5066.337903,35.62858069397903,24.46222030050805,-11.166360393470981,15.09,0.2924906294429365,0.323840870062965
Canada,2003,North America,1835.27,6130.6,7.81,33.18,27.55,14.49,8.18,17.31,1691.935413,35.99088838268793,29.883935350905737,-6.10695303178219,-8.52,0.3802622498274672,0.4262066831683169
Mexico,2003,North America,7708.03,5199.32,17.42,38.39,28.53,7.35,7.3,17.4,6365.291174,46.488253814482924,34.54831678372487,-11.939937030758053,-16.39,0.3991884706870016,0.5278445883441257
Germany,2005,Europe,1614.97,5301.86,37.96,48.29,17.31,12.11,4.1,13.82,1001.9273880000001,77.83687943262412,27.901353965183752,-49.935525467440364,-33.589999999999996,0.2093360744951022,0.38698859825620385
China,2018,Asia,3609.68,3208.26,28.4,27.22,10.71,15.75,10.53,10.3,2584.53088,38.01675977653631,14.95810055865922,-23.058659217877093,-2.9100000000000055,0.11994624258035616,0.1758909508950567
France,2011,Europe,1140.12,2683.17,28.75,23.65,23.63,9.06,14.62,17.0,812.3354999999999,33.19298245614035,33.164912280701756,-0.028070175438593026,-16.709999999999997,0.3094146916328401,0.4962200755984881
Brazil,2021,South America,7976.56,2848.86,17.67,25.92,7.53,8.03,9.31,13.32,6567.101847999999,31.483055994169806,9.146119276084052,-22.336936718085752,18.21999999999999,0.0814318157240186,0.10066844919786097
Canada,2006,North America,4266.46,6918.49,25.78,46.61,16.92,9.71,11.29,17.39,3166.566612,62.79978442468337,22.797089733225548,-40.00269469145782,-27.700000000000003,0.20365912373615794,0.29528795811518327
Mexico,2009,North America,4965.39,664.72,5.35,39.37,10.76,8.62,2.89,14.47,4699.741635,41.59535129424194,11.368198626518753,-30.227152667723182,18.540000000000013,0.12057373375168086,0.12826320181189652
Mexico,2018,North America,1003.07,6122.41,27.26,28.58,19.7,8.22,7.43,16.77,729.6331180000001,39.290624140775364,27.082760516909545,-12.20786362386582,-7.960000000000004,0.24533001245330013,0.3714177978883862
Mexico,2006,North America,6124.7,4219.26,36.97,44.48,7.21,11.37,3.51,13.98,3860.3984100000002,70.56957004600983,11.438997302871648,-59.13057274313818,-17.519999999999996,0.07770233861407479,0.12916517377284126
Mexico,2002,North America,2074.29,3294.86,26.44,45.84,5.75,18.62,9.97,11.21,1525.847724,62.31647634584013,7.816748232735183,-54.49972811310495,-17.830000000000005,0.0610079575596817,0.08479575283881434
India,2012,Asia,7235.41,5186.7,35.58,45.4,27.55,12.61,14.2,19.37,4661.051122,70.47500776156473,42.76622167028873,-27.708786091275996,-54.709999999999994,0.3802622498274672,0.7472199620287496
Russia,2012,Europe,2038.55,3612.02,30.34,47.57,3.05,7.82,10.6,13.12,1420.05393,68.28883146712604,4.378409417169108,-63.910422049956935,-12.500000000000004,0.031459515214027844,0.045788920582495125
China,2017,Asia,1930.16,6164.59,9.22,27.57,15.18,6.15,3.0,14.08,1752.199248,30.370125578321215,16.721744877726373,-13.648380700594842,24.800000000000004,0.17896722471115303,0.2007936507936508
Australia,2019,Oceania,774.12,6344.63,36.59,42.65,6.63,15.44,6.61,8.31,490.8694919999999,67.26068443463177,10.455764075067025,-56.80492035956475,-16.23,0.071007818357074,0.11676646706586828
Mexico,2007,North America,4040.5,3183.36,7.33,33.82,1.17,10.74,9.16,14.38,3744.33135,36.49509010467249,1.2625445127873096,-35.232545591885184,23.4,0.011838510573712435,0.012786885245901637
France,2008,Europe,4736.31,2227.06,23.69,45.26,1.08,17.33,7.24,13.57,3614.278161,59.31070632944567,1.4152797798453676,-57.8954265496003,-8.169999999999993,0.010917913465426608,0.014355975009969428
Australia,2006,Oceania,992.81,4309.51,9.97,41.85,5.26,14.89,12.84,7.77,893.8268429999999,46.48450516494502,5.842496945462623,-40.6420082194824,7.420000000000002,0.055520371543170785,0.06205025362746255
United States,2000,North America,6316.46,6421.6,5.41,43.29,26.0,16.94,12.59,5.89,5974.739514,45.76593720266413,27.487049370969448,-18.27888783169468,-10.119999999999997,0.35135135135135137,0.3790640034990523
United States,2002,North America,3899.67,1790.37,19.77,39.68,8.47,9.08,9.95,14.07,3128.705241,49.45780879970086,10.557148198928083,-38.900660600772774,-1.0199999999999925,0.09253796569430789,0.11803232998885174
France,2012,Europe,4432.93,4511.58,15.33,25.32,28.51,15.39,6.85,16.46,3753.361831,29.904334475020665,33.671902680996816,3.7675682059761506,-7.860000000000001,0.3987970345502868,0.5076566951566953
Russia,2016,Europe,3805.72,4568.3,22.01,36.35,17.45,8.96,5.32,12.85,2968.081028,46.608539556353385,22.374663418386973,-24.233876137966412,-2.9400000000000066,0.2113870381586917,0.28823918070697063
France,2023,Europe,3505.72,5238.55,25.2,49.54,13.1,19.09,3.38,8.4,2622.2785599999997,66.22994652406418,17.51336898395722,-48.716577540106954,-18.71,0.15074798619102414,0.2123176661264182
India,2000,Asia,4697.3,1268.35,6.53,48.12,17.4,14.55,6.61,15.0,4390.56631,51.48175885310795,18.615598587782177,-32.866160265325775,-8.209999999999997,0.2106537530266344,0.22873668989089
France,2005,Europe,1664.3,5124.44,9.31,21.3,15.5,9.87,7.37,6.2,1509.35367,23.486602712537216,17.091189767339287,-6.395412945197929,30.450000000000006,0.1834319526627219,0.2061444341002793
Japan,2020,Asia,1864.46,6399.61,24.55,24.94,22.76,9.04,10.79,11.63,1406.73507,33.055003313452616,30.165672630881378,-2.889330682571238,-3.7099999999999955,0.2946659761781461,0.4319605238185614
Australia,2005,Oceania,6963.39,1585.91,17.01,23.95,8.47,7.86,10.56,7.45,5778.917361,28.85889866248946,10.206048921556816,-18.652849740932645,24.699999999999992,0.09253796569430789,0.11366076221148685
Canada,2011,North America,7595.87,1967.79,30.52,41.78,10.59,15.42,2.91,7.77,5277.610476000001,60.13241220495106,15.241796200345423,-44.89061600460563,-8.989999999999997,0.11844312716698356,0.17982679572083546
South Africa,2012,Africa,3299.82,6811.21,27.83,44.53,26.82,8.28,7.14,8.03,2381.480094,61.70153803519468,37.162255784952194,-24.539282250242486,-22.629999999999995,0.3664935774801858,0.5914002205071663
Russia,2012,Europe,2530.59,1594.45,34.6,26.41,28.39,13.93,4.36,10.8,1655.00586,40.38226299694189,43.40978593272171,3.027522935779821,-18.48999999999999,0.3964530093562352,0.767089975682248
France,2014,Europe,5330.0,6038.94,29.24,35.18,26.78,8.97,4.04,5.77,3771.508,49.71735443753533,37.84624081401922,-11.87111362351611,-9.979999999999997,0.3657470636438132,0.608913142337426
Brazil,2020,South America,3565.51,3649.03,20.05,45.22,12.58,14.93,12.75,10.97,2850.625245,56.5603502188868,15.734834271419636,-40.82551594746717,-16.499999999999993,0.14390299702585221,0.1867299985156598
United States,2015,North America,690.4,2031.73,28.55,41.98,23.41,17.22,2.54,12.68,493.29079999999993,58.754373687893626,32.76417074877537,-25.990202939118255,-26.379999999999992,0.30565347956652306,0.48730224812656137
Japan,2021,Asia,1671.14,6146.95,14.64,36.27,14.29,16.67,7.45,12.25,1426.485104,42.49062792877226,16.740862230552953,-25.74976569821931,-1.5700000000000038,0.16672500291681247,0.20106936822850713
China,2020,Asia,5869.79,3339.01,15.72,37.71,14.93,16.41,4.19,10.74,4947.059012,44.7437114380636,17.714760322733746,-27.028951115329853,0.29999999999999893,0.17550252733043378,0.21528478731074263
Mexico,2010,North America,5441.93,3797.79,32.61,35.25,6.14,7.82,13.43,17.59,3667.3166269999997,52.30746401543256,9.11114408665974,-43.196319928772816,-12.84,0.06541657788195183,0.10024489795918366
South Africa,2004,Africa,703.22,2770.94,20.62,28.93,17.73,6.33,9.24,7.18,558.216036,36.44494834971025,22.33560090702948,-14.109347442680772,9.969999999999999,0.21550990640573722,0.2875912408759124
Russia,2003,Europe,2164.79,4313.48,32.94,36.95,5.58,15.48,5.01,12.59,1451.708174,55.09991052788548,8.320906650760513,-46.779003877124964,-8.549999999999999,0.05909764880321965,0.09076122316200388
Canada,2002,North America,2233.06,1479.26,33.78,40.67,9.95,10.53,8.53,5.93,1478.732332,61.416490486257935,15.025672002416188,-46.39081848384175,-9.39,0.110494169905608,0.17682601741602985
South Africa,2018,Africa,5539.2,2981.14,35.01,46.2,25.65,11.49,11.51,6.07,3599.92608,71.08785967071857,39.46761040160024,-31.620249269118332,-35.92999999999999,0.3449899125756557,0.6520081342145397
France,2019,Europe,647.83,6798.12,37.08,39.09,6.21,5.47,14.46,13.61,407.614636,62.126509853782586,9.869675778766688,-52.2568340750159,-15.920000000000002,0.06621174965348117,0.109504496561453
India,2017,Asia,1280.81,2103.68,20.08,42.83,2.13,8.89,4.87,13.49,1023.623352,53.591091091091094,2.665165165165165,-50.92592592592593,7.709999999999999,0.021763563911310922,0.027381411492479753
United States,2014,North America,6499.37,4734.46,16.16,24.8,2.07,5.51,13.52,18.17,5449.071808,29.580152671755727,2.4689885496183206,-27.111164122137406,19.77000000000001,0.021137547227611558,0.025314907667848847
United States,2008,North America,1839.08,2546.25,25.38,33.85,28.22,18.19,14.15,13.37,1372.3214959999998,45.3631734119539,37.81827928169391,-7.544894130259991,-33.16,0.39314572304263024,0.6081896551724136
China,2016,Asia,5395.6,5504.92,17.99,20.28,15.21,8.65,13.91,19.4,4424.931560000001,24.72869162297281,18.546518717229606,-6.182172905743204,4.560000000000006,0.17938436136336836,0.22769461077844314
India,2013,Asia,2286.37,1263.77,26.04,27.4,12.28,13.36,10.26,5.73,1690.999252,37.04705246078961,16.60356949702542,-20.44348296376419,4.930000000000009,0.1399908800729594,0.19909208819714655
Mexico,2014,North America,1245.81,6800.82,29.7,41.79,24.33,5.58,10.19,6.47,875.80443,59.445234708392604,34.60881934566145,-24.836415362731152,-18.06,0.3215276860050218,0.5292582118773113
Australia,2000,Oceania,2323.79,3395.01,29.09,49.75,25.07,15.0,7.24,5.66,1647.7994890000002,70.1593569313214,35.354674940064875,-34.80468199125652,-31.810000000000006,0.33457894034432134,0.5469022687609076
Germany,2020,Europe,5917.0,1957.93,18.11,22.98,9.97,9.85,11.78,7.78,4845.4313,28.062034436439127,12.174868726340213,-15.887165710098914,19.529999999999994,0.11074086415639232,0.13862625139043383
Japan,2021,Asia,6917.72,885.08,10.84,32.04,20.81,18.47,8.91,13.12,6167.839152,35.93539703903096,23.340062808434276,-12.595334230596684,-4.189999999999996,0.2627857052658164,0.30446232626188735
United States,2021,North America,6726.65,1520.4,20.07,44.0,23.13,18.32,10.81,14.68,5376.611344999999,55.04816714625297,28.937820593018888,-26.110346553234084,-31.00999999999999,0.30089761935735654,0.4072183098591548
Brazil,2002,South America,3478.88,3830.51,9.99,26.12,19.64,9.88,7.57,5.68,3131.339888,29.018997889123433,21.819797800244416,-7.199200088879017,21.119999999999997,0.24440019910403188,0.279096205769504
United States,2015,North America,5510.64,2624.22,36.15,36.65,4.55,18.51,11.51,19.19,3518.543640000001,57.400156617071254,7.126076742364917,-50.27407987470634,-26.560000000000002,0.047668936616029334,0.07672849915682968
South Africa,2022,Africa,2037.38,5870.63,17.11,41.99,26.28,19.94,12.72,17.63,1688.784282,50.65749788876824,31.70466883821933,-18.95282905054891,-35.67,0.3564839934888768,0.4642289348171702
United States,2010,North America,2698.61,3243.86,10.41,38.48,16.17,17.38,3.9,9.45,2417.6846990000004,42.95122223462439,18.048889384976004,-24.902332849648385,4.210000000000006,0.1928903733746869,0.22023971669844736
Russia,2011,Europe,7222.52,2041.51,5.89,25.64,8.47,17.67,12.83,6.16,6797.113572000001,27.24471363298268,9.000106258633515,-18.244607374349165,23.34,0.09253796569430789,0.09890238206445587
United States,2009,North America,597.51,4473.16,27.6,30.66,12.76,8.74,9.02,7.55,432.59724,42.34806629834254,17.624309392265193,-24.723756906077345,3.6700000000000097,0.1462631820265933,0.2139503688799463
Germany,2015,Europe,1141.31,5064.73,27.29,43.51,1.13,13.65,12.98,6.9,829.8465010000001,59.84046210975106,1.5541191032870303,-58.28634300646403,-5.45999999999999,0.011429149388085364,0.015786532550991893
Germany,2007,Europe,2059.15,1502.48,16.92,36.63,3.84,6.01,7.61,6.85,1710.74182,44.090033702455464,4.622051035146846,-39.46798266730862,22.14,0.03993344425956739,0.04846037354871277
Mexico,2005,North America,698.99,1506.29,7.51,20.16,22.97,6.42,6.93,12.78,646.495851,21.79695102173208,24.835117309979456,3.038166288247375,23.229999999999997,0.29819550824354146,0.3304085155350978
Canada,2011,North America,1860.77,642.03,19.34,42.83,0.0,19.98,13.9,8.69,1500.897082,53.09942970493429,0.0,-53.09942970493429,-4.740000000000002,0.0,0.0
Australia,2023,Oceania,4872.81,5260.25,15.89,21.06,12.5,9.9,5.27,10.37,4098.520491,25.03863987635239,14.861490904767566,-10.177148971584826,25.009999999999998,0.14285714285714285,0.17455662616952938
Brazil,2020,South America,3660.68,4781.11,28.7,42.37,15.68,16.22,12.97,19.84,2610.06484,59.42496493688639,21.991584852734924,-37.433380084151466,-35.78,0.18595825426944973,0.2819129809421072
United States,2007,North America,7195.04,3532.56,26.2,26.07,1.64,17.1,8.29,15.26,5309.93952,35.32520325203252,2.2222222222222223,-33.1029810298103,5.439999999999996,0.01667344448962993,0.022727272727272728
United States,2003,North America,6630.83,5971.52,17.76,48.74,29.19,17.87,8.68,19.23,5453.194592,59.265564202334645,35.49367704280156,-23.771887159533087,-41.47000000000001,0.4122299110295156,0.5502356267672007
Japan,2007,Asia,3063.63,5717.42,12.63,31.04,6.78,19.96,6.01,7.14,2676.6935310000003,35.52706878791347,7.760100721071305,-27.766968066842168,16.440000000000005,0.07273117356790389,0.08412954460851223
Germany,2017,Europe,2445.68,4263.34,39.58,29.81,9.13,8.62,9.45,10.73,1477.679856,49.337967560410455,15.11089043363125,-34.22707712677921,-7.319999999999995,0.10047320347749533,0.17800740885162802
Brazil,2004,South America,3347.69,6130.59,20.89,24.47,9.12,5.61,6.23,13.32,2648.357559,30.931614208064715,11.528251801289343,-19.403362406775372,20.360000000000007,0.10035211267605633,0.13030432918988427
Mexico,2008,North America,4927.21,1758.55,29.09,29.17,6.91,11.17,2.51,6.15,3493.8846110000004,41.136652094203924,9.744746862219717,-31.391905231984207,14.999999999999998,0.07422924051992695,0.10796875000000002
China,2003,Asia,2510.48,1138.67,9.92,46.3,0.04,6.95,5.54,5.06,2261.440384,51.398756660746,0.04440497335701599,-51.354351687388984,26.19,0.00040016006402561027,0.00044424700133274104
Canada,2021,North America,5181.12,2180.35,22.0,49.89,21.88,5.34,2.08,15.06,4041.2736,63.96153846153846,28.05128205128205,-35.91025641025641,-16.25,0.2800819252432155,0.3898788310762651
Australia,2016,Oceania,3570.59,776.77,5.96,31.05,29.01,10.41,14.72,14.63,3357.7828360000003,33.01786473840919,30.848575074436408,-2.16928966397278,-5.779999999999998,0.4086491055078181,0.446101799169614
India,2008,Asia,4640.35,3905.72,22.69,33.46,6.73,16.76,14.55,11.16,3587.4545850000004,43.28030009054456,8.70521277971802,-34.57508731082654,-5.349999999999998,0.07215610592902327,0.09535279115896855
Australia,2000,Oceania,3770.95,6581.6,38.74,41.66,19.89,13.49,7.14,12.34,2310.08397,68.00522363695723,32.46816846229187,-35.537055174665355,-33.26,0.24828361003620023,0.4807831762146483
Russia,2020,Europe,2708.49,659.67,18.45,46.59,22.26,9.69,11.47,11.23,2208.7735949999997,57.13059472716125,27.296137339055797,-29.834457388105456,-19.69000000000001,0.28633907898121946,0.3754427390791028
South Africa,2019,Africa,7613.4,1205.93,6.36,37.79,25.45,14.82,6.5,5.36,7129.18776,40.35668517727467,27.178556172575824,-13.178129004698846,3.7200000000000015,0.3413816230717639,0.3732218800410618
Russia,2012,Europe,6227.04,3384.51,6.08,31.75,12.68,8.48,10.72,10.03,5848.435968,33.80536626916525,13.500851788756387,-20.304514480408862,20.260000000000005,0.14521300961978928,0.15608074839980304
United States,2015,North America,1550.85,6563.58,18.58,32.38,9.09,5.22,12.47,7.66,1262.70207,39.76909850159666,11.164333087693441,-28.604765413903216,14.600000000000005,0.09998900010999891,0.1256739941932808
Canada,2012,North America,7013.51,2486.63,10.6,40.87,9.76,16.47,14.31,6.48,6270.07794,45.71588366890379,10.917225950782997,-34.79865771812079,1.5100000000000104,0.10815602836879433,0.12255148166750376
South Africa,2013,Africa,4155.73,3747.75,5.82,20.1,21.38,14.36,7.2,19.35,3913.8665139999994,21.342110851560843,22.701210448078147,1.3590995965173036,11.790000000000017,0.271940981938438,0.29368131868131864
Brazil,2002,South America,7209.14,674.38,31.47,38.59,24.5,16.43,12.18,13.99,4940.423642000001,56.31110462571137,35.75076608784474,-20.560338537866635,-37.160000000000004,0.32450331125827814,0.5564387917329093
India,2005,Asia,6498.91,1379.07,21.05,30.66,5.45,5.58,5.46,15.93,5130.889445,38.83470550981634,6.903103229892336,-31.931602279924,15.870000000000005,0.05764145954521418,0.07414965986394557
Germany,2017,Europe,3689.1,6911.76,15.12,43.83,11.13,17.56,14.87,9.73,3131.30808,51.637606032045234,13.11262959472196,-38.524976437323275,-12.240000000000004,0.12523911331157872,0.15091525423728813
Canada,2018,North America,668.52,6769.78,36.5,22.79,27.06,14.29,2.34,10.9,424.5102,35.889763779527556,42.61417322834645,6.724409448818896,-13.879999999999997,0.3709898546750754,0.7425905598243687
Canada,2004,North America,2515.08,432.6,9.06,37.65,24.2,13.45,9.85,8.55,2287.213752,41.40092368594678,26.610952276226087,-14.789971409720692,-2.76,0.31926121372031663,0.3626011387473779
Russia,2014,Europe,4562.26,6681.96,38.46,34.43,29.55,14.37,10.57,6.45,2807.614804,55.947351316217095,48.01754956126097,-7.929801754956124,-33.830000000000005,0.41944641589779985,0.9237261644263832
United States,2001,North America,5251.09,4618.19,15.99,39.27,22.63,17.97,10.94,7.69,4411.4407089999995,46.74443518628735,26.937269372693724,-19.807165813593624,-14.489999999999995,0.2924906294429365,0.36868686868686856
France,2009,Europe,2434.16,6128.26,36.09,21.95,11.8,13.8,3.57,16.96,1555.671656,34.34517289938977,18.46346424659678,-15.881708652792994,-4.170000000000009,0.13378684807256236,0.22644406064095185
Mexico,2023,North America,1545.17,3401.28,26.1,37.4,17.72,13.71,14.2,15.16,1141.88063,50.608930987821374,23.978349120433016,-26.630581867388358,-24.289999999999992,0.21536217792902282,0.3154147383410466
Russia,2017,Europe,6761.98,3802.93,33.93,36.84,19.83,19.86,4.36,13.2,4467.6401860000005,55.75904343877707,30.013621916149543,-25.745421522627527,-28.020000000000007,0.2473493825620556,0.42884948096885817
Canada,2012,North America,7883.02,3626.39,39.44,36.82,2.35,16.35,10.1,12.13,4773.956912000001,60.79920739762219,3.8804491413474236,-56.918758256274764,-17.19,0.024065540194572452,0.04037107026284143
Japan,2004,Asia,4442.68,4801.3,15.09,38.1,16.33,11.63,4.89,18.84,3772.279588,44.871039924626075,19.232128135673065,-25.63891178895301,-4.880000000000006,0.19517150711127043,0.23811606882473024
India,2022,Asia,1787.59,1321.7,38.64,40.29,21.28,15.61,5.99,6.09,1096.865224,65.66166883963494,34.680573663624514,-30.981095176010427,-27.900000000000002,0.2703252032520325,0.530938123752495
Mexico,2023,North America,2542.3,597.83,18.63,44.15,5.02,10.84,9.1,9.21,2068.66951,54.25832616443406,6.169349883249354,-48.088976281184706,3.0500000000000025,0.05285323225942303,0.06574983628028813
Russia,2000,Europe,637.93,2432.34,18.49,28.09,23.42,8.43,7.42,10.25,519.9767429999999,34.4620291988713,28.732670837933995,-5.729358360937304,3.9000000000000004,0.3058239749281797,0.40316749870889995
India,2021,Asia,7357.24,5050.89,16.91,44.75,17.51,13.95,4.08,16.74,6113.130716,53.857263208569016,21.07353472138645,-32.783728487182564,-13.939999999999996,0.21226815371560193,0.26700213479719437
Japan,2000,Asia,1383.13,1732.23,23.95,34.95,28.57,18.92,4.22,19.89,1051.870365,45.95660749506904,37.567389875082185,-8.389217619986859,-30.500000000000007,0.39997200055998877,0.6017270429654593
China,2017,Asia,4823.87,4844.65,10.4,22.31,1.27,18.94,7.44,8.61,4322.18752,24.89955357142857,1.4174107142857144,-23.482142857142854,31.03,0.01286336473209764,0.014377901052869922
Japan,2014,Asia,2555.41,6801.42,24.38,21.76,7.96,10.13,11.84,18.11,1932.4010419999997,28.775456228510976,10.526315789473683,-18.24914043903729,5.819999999999997,0.08648413733159495,0.11764705882352941
Japan,2016,Asia,4656.34,1019.74,23.96,30.03,18.05,12.92,13.67,17.46,3540.6809359999997,39.492372435560235,23.737506575486588,-15.754865860073647,-16.09000000000001,0.2202562538133008,0.3112605621658907
India,2010,Asia,5385.65,4839.17,31.67,43.55,8.9,8.17,3.09,8.37,3680.0146449999997,63.73481633250402,13.025025611005416,-50.7097907214986,-3.7499999999999982,0.09769484083424809,0.14975601548039713
Australia,2020,Oceania,6723.06,3328.75,34.18,41.23,21.43,19.93,7.11,10.99,4425.118092000001,62.64053479185658,32.55849285931328,-30.082041932543298,-34.870000000000005,0.27275041364388447,0.4827663888263123
India,2021,Asia,2048.16,6129.74,20.42,43.66,22.77,19.72,3.3,11.15,1629.9257279999997,54.86303091228951,28.61271676300578,-26.25031414928373,-21.019999999999996,0.2948336138806163,0.4008097165991903
France,2016,Europe,582.47,1569.19,15.58,35.52,3.08,14.74,2.22,19.67,491.7211740000001,42.07533759772566,3.6484245439469323,-38.426913053778726,9.189999999999998,0.03177878662814693,0.0378657487091222
United States,2012,North America,1526.64,4971.33,14.08,33.21,15.42,17.07,10.6,7.71,1311.689088,38.652234636871505,17.946927374301673,-20.705307262569832,1.9099999999999993,0.1823126034523528,0.21872340425531908
South Africa,2000,Africa,7250.14,5931.56,11.81,24.42,15.27,15.73,9.83,16.99,6393.898466000001,27.690214310012472,17.314888309332126,-10.375326000680346,5.949999999999999,0.18021952083087453,0.20940756993965992
Australia,2001,Oceania,7054.18,6634.45,7.02,29.85,11.08,13.9,4.12,10.01,6558.976564,32.10367821036782,11.916541191654119,-20.1871370187137,24.02000000000001,0.1246063877642825,0.13528693528693528
Germany,2008,Europe,4980.6,4909.44,16.99,33.02,27.99,5.8,5.04,15.96,4134.396060000001,39.778339959041084,33.71882905674015,-6.059510902300936,-4.799999999999997,0.3886960144424385,0.5087241003271536
South Africa,2002,Africa,5003.88,3681.35,14.46,22.66,24.83,11.82,2.31,11.3,4280.318952,26.4905307458499,29.027355623100306,2.5368248772504067,12.619999999999997,0.33031794598909137,0.4089935760171306
United States,2000,North America,5487.78,4477.79,38.82,26.62,20.92,15.12,12.85,13.68,3357.423804,43.51095129127166,34.194181104936256,-9.316770186335404,-28.009999999999998,0.26454223571067276,0.5196224540486837
Russia,2020,Europe,1815.28,6134.77,24.52,37.95,21.43,15.16,14.67,17.49,1370.173344,50.27821939586645,28.391626921038682,-21.88659247482777,-31.22,0.27275041364388447,0.3964847363552266
Mexico,2015,North America,7358.09,4166.02,17.15,42.07,13.85,10.6,3.76,17.06,6096.177565,50.77851538925769,16.716958358479182,-34.06155703077851,-4.490000000000007,0.1607661056297156,0.20072463768115947
France,2022,Europe,3640.78,600.55,25.32,49.95,27.63,19.13,5.01,18.0,2718.9345040000003,66.88537761114087,36.99785752544188,-29.887520085698988,-45.03999999999999,0.381788033715628,0.5872476089266736
France,2005,Europe,3373.54,6544.26,9.87,47.99,20.84,7.51,13.29,5.89,3040.571602,53.24531232663931,23.122156884500168,-30.12315544213914,-5.390000000000005,0.2632642748863062,0.30076490114013565
Germany,2016,Europe,4391.88,4950.88,20.54,39.28,21.87,12.51,14.04,15.38,3489.787848,49.43367732192298,27.523282154543168,-21.91039516737981,-23.619999999999994,0.2799180852425445,0.3797534294148289
Australia,2004,Oceania,852.24,4864.99,26.92,32.64,25.85,15.36,7.46,7.1,622.816992,44.66338259441708,35.37219485495348,-9.291187739463602,-15.330000000000004,0.34861766689143625,0.5473216176159221
China,2004,Asia,1747.13,1823.46,22.11,39.09,8.22,15.46,2.66,11.24,1360.8395570000002,50.186159969187315,10.55334446013609,-39.63281550905123,1.219999999999997,0.08956199607757682,0.1179847854169657
Japan,2005,Asia,6035.25,4748.64,19.06,43.57,24.21,14.73,2.51,13.23,4884.93135,53.82999752903386,29.911045218680503,-23.918952310353358,-17.310000000000002,0.3194352816994327,0.42675832892649396
Australia,2002,Oceania,1120.99,2999.51,39.78,23.55,5.86,9.13,9.46,11.04,675.0601780000001,39.10660909996679,9.730986383261374,-29.375622716705415,1.1799999999999997,0.06224771616741024,0.1077998528329654
Mexico,2020,North America,5023.64,4698.14,35.81,32.3,10.36,7.34,7.11,12.79,3224.6745159999996,50.31936438697616,16.139585605234462,-34.1797787817417,-5.709999999999998,0.11557340473003123,0.1924577373211964
China,2022,Asia,2340.12,1103.51,26.82,45.19,10.07,14.54,2.37,19.95,1712.499816,61.75184476632959,13.760590325225472,-47.99125444110412,-18.93999999999999,0.11197598131880351,0.15956266835683727
France,2004,Europe,3419.72,4741.78,24.93,31.51,29.36,13.99,9.58,7.03,2567.183804,41.97415745304383,39.110163847076066,-2.8639936059677638,-16.400000000000013,0.41562853907134767,0.6423102165828047
India,2020,Asia,2665.2,6996.13,26.72,37.16,25.7,7.69,2.15,15.13,1953.05856,50.70960698689956,35.07096069868996,-15.6386462882096,-14.549999999999995,0.34589502018842533,0.5401429171920975
Mexico,2004,North America,3167.55,718.2,12.05,37.63,21.04,15.58,12.24,10.94,2785.860225,42.78567367822627,23.922683342808412,-18.862990335417855,-9.479999999999999,0.2664640324214792,0.31445224929009113
United States,2009,North America,5892.84,6849.35,18.83,25.53,21.81,11.83,5.98,7.0,4783.218228,31.45250708389799,26.869533078723663,-4.582974005174329,9.02,0.27893592531014194,0.3674191374663072
Germany,2009,Europe,2728.41,3085.59,6.38,30.87,16.86,15.02,2.52,7.38,2554.337442,32.97372356334117,18.008972441785943,-14.964751121555224,20.970000000000002,0.2027904738994467,0.21964564877540385
United States,2018,North America,4748.03,6146.97,21.64,30.04,28.41,17.56,9.65,19.24,3720.5563079999997,38.33588565594691,36.25574272588055,-2.0801429300663585,-26.54,0.39684313451599385,0.5687687687687687
Mexico,2016,North America,4070.38,5563.74,24.01,20.79,14.89,7.55,7.17,18.19,3093.0817620000003,27.358863008290562,19.59468351098829,-7.764179497302273,7.399999999999995,0.17495006462225357,0.24369885433715222
Brazil,2020,South America,5477.53,4142.31,12.97,20.73,11.42,5.29,14.66,18.61,4767.094359,23.819372630127543,13.121911984373206,-10.697460645754337,16.319999999999993,0.12892300745089186,0.1510382224573469
Brazil,2013,South America,7526.22,5273.76,38.74,44.95,4.89,16.69,9.07,19.87,4610.562372,73.37577538361084,7.982370225269343,-65.3934051583415,-34.21000000000001,0.051414152034486384,0.08674827035657263
Russia,2008,Europe,5994.29,6198.2,36.83,28.19,23.59,14.15,5.58,8.12,3786.592993,44.62561342409372,37.34367579547253,-7.281937628621193,-16.459999999999994,0.3087292239235702,0.5960080848913591
Australia,2013,Oceania,2112.05,3067.33,30.28,35.54,22.03,15.49,11.22,10.33,1472.5212600000002,50.97532989099254,31.597819850831897,-19.377510040160644,-24.89,0.28254456842375275,0.4619417068567834
France,2000,Europe,733.87,2558.42,23.67,28.96,11.53,17.57,5.53,15.04,560.162971,37.94052142014935,15.10546312066029,-22.835058299489063,-2.3000000000000043,0.13032666440601334,0.1779320987654321
France,2018,Europe,2466.98,4806.12,35.45,48.22,0.76,17.04,13.76,12.26,1592.4355899999998,74.70178156467856,1.1773818745158793,-73.52439969016268,-27.490000000000002,0.00765820233776703,0.011914093118043582
Japan,2012,Asia,4963.08,5731.78,9.57,27.78,25.17,19.41,6.87,11.28,4488.113244,30.71989384053964,27.833683512108813,-2.8862103284308276,-0.07999999999999652,0.33636242148870776,0.3856880171621208
Japan,2012,Asia,885.69,5431.08,32.67,32.89,0.34,13.04,9.15,10.37,596.3350770000001,48.848952918461315,0.5049754938363286,-48.34397742462499,1.5399999999999956,0.0034115994380895047,0.005075384385729213
Japan,2003,Asia,4222.75,5665.57,9.37,46.18,21.11,12.33,2.66,13.91,3827.078325,50.95443010040825,23.292507999558644,-27.66192210084961,-5.560000000000004,0.26758778045379644,0.3036536248561565
India,2000,Asia,4976.32,3274.85,32.8,45.26,29.11,11.03,7.54,13.63,3344.08704,67.35119047619047,43.31845238095238,-24.032738095238088,-39.37,0.41063619692481307,0.7642425833552112
South Africa,2016,Africa,3006.83,5797.71,14.65,25.58,13.13,7.31,12.82,7.42,2566.329405,29.970708845928527,15.383714118336265,-14.586994727592263,19.08999999999999,0.1511453896627144,0.1818055940182775
Canada,2007,North America,6281.84,1193.38,35.7,44.08,7.05,13.59,12.47,12.08,4039.22312,68.55365474339035,10.964230171073094,-57.589424572317256,-24.970000000000002,0.07584722969338353,0.12314410480349344
South Africa,2001,Africa,1299.49,3993.63,38.04,33.75,21.15,9.16,4.92,13.3,805.1640039999999,54.47062621045836,34.134925758553905,-20.335700451904458,-20.32,0.2682308180088776,0.5182553295760842
United States,2007,North America,1063.53,438.01,10.21,34.49,24.51,18.82,4.94,13.55,954.943587,38.41184987192338,27.297026394921488,-11.114823477001892,-6.520000000000013,0.32467876539939067,0.3754595588235295
South Africa,2006,Africa,5961.42,2542.27,21.19,24.0,16.39,13.75,12.62,8.15,4698.195102000001,30.452988199467075,20.796853191219387,-9.656135008247688,3.900000000000002,0.19602918311206793,0.262576097404678
India,2001,Asia,4216.18,2818.65,39.33,22.42,29.01,13.89,14.1,16.13,2557.9564060000002,36.9540135157409,47.81605406296357,10.862040547222676,-34.879999999999995,0.4086491055078181,0.9162981680353759
Russia,2021,Europe,5663.02,3014.74,21.92,41.84,1.55,10.32,3.24,5.38,4421.686016,53.586065573770504,1.9851434426229508,-51.600922131147556,15.749999999999996,0.01574403250380904,0.020253495361296222
United States,2021,North America,3761.21,4990.08,35.22,34.89,15.14,5.78,7.85,10.32,2436.511838,53.85921580734795,23.371410929299167,-30.487804878048784,-9.200000000000001,0.17841150129625266,0.3049959709911362
South Africa,2002,Africa,2348.02,2964.48,25.61,33.11,21.55,5.48,6.39,16.7,1746.692078,44.50867052023121,28.968947439171934,-15.539723081059279,-8.84,0.2746972594008923,0.40783497350492054
India,2017,Asia,6643.27,3361.38,18.14,41.89,25.88,11.35,13.32,13.46,5438.180822,51.17273393598827,31.61495235768385,-19.557781578304418,-24.04,0.3491635186184565,0.4623079671311183
Canada,2011,North America,6495.62,1967.79,15.0,42.97,5.38,6.27,3.09,8.92,5521.277,50.55294117647059,6.329411764705882,-44.22352941176471,18.369999999999997,0.05685901500739801,0.0675709620698317
South Africa,2000,Africa,5710.22,2863.46,12.11,24.77,24.0,14.1,4.74,15.42,5018.712358000001,28.18295596768688,27.306860848788254,-0.8760951188986255,4.860000000000001,0.3157894736842105,0.37564564094537484
India,2021,Asia,2541.09,1899.98,31.66,38.31,16.58,18.21,11.78,13.51,1736.5809060000001,56.057945566286215,24.261047702663152,-31.796897863623062,-30.049999999999997,0.19875329657156554,0.3203245749613601
Japan,2011,Asia,4926.73,883.09,18.53,24.06,11.9,18.24,2.67,16.94,4013.8069309999996,29.53234319381367,14.606603657788146,-14.925739536025525,7.66,0.13507377979568674,0.17105074026160705
France,2004,Europe,3207.3,4382.76,22.89,42.54,3.95,14.89,8.4,16.03,2473.14903,55.16794190118013,5.122552198158475,-50.045389703021655,-8.700000000000001,0.041124414367516925,0.05399125205030071
Japan,2016,Asia,1186.87,4810.2,22.23,39.71,25.96,8.17,7.75,14.15,923.0287989999999,51.06082036775107,33.380480905233384,-17.680339462517686,-17.970000000000006,0.3506212857914641,0.5010615711252654
France,2015,Europe,7379.85,4488.64,25.2,48.7,4.72,17.94,6.35,12.32,5520.1278,65.10695187165776,6.310160427807486,-58.79679144385027,-15.230000000000006,0.04953820319059613,0.06735159817351598
Germany,2014,Europe,1526.14,3459.06,35.3,22.07,9.29,18.29,7.13,7.0,987.41258,34.1112828438949,14.35857805255023,-19.75270479134467,0.9200000000000044,0.10241428728916326,0.1676592672802743
Germany,2022,Europe,7626.78,2906.59,39.33,21.71,8.7,7.95,8.89,8.92,4627.167426,35.78374814570628,14.339871435635404,-21.443876710070874,4.500000000000002,0.09529025191675794,0.16740427169520875
Germany,2014,Europe,3845.04,6098.0,19.27,28.47,26.14,16.06,4.1,11.29,3104.100792,35.265700483091784,32.37953672736281,-2.8861637557289725,-5.329999999999993,0.35391280801516384,0.478842278805642
Canada,2004,North America,1888.5,3825.94,33.96,27.85,20.18,9.3,9.44,13.99,1247.1653999999999,42.17141126589946,30.557238037553002,-11.614173228346456,-14.72000000000001,0.25281884239538965,0.44003488879197566
Japan,2020,Asia,4564.26,3562.6,31.76,27.41,23.9,17.04,12.47,12.71,3114.6510240000002,40.16705744431419,35.023446658851114,-5.143610785463075,-25.29,0.3140604467805519,0.5390166892196662
France,2013,Europe,7047.09,569.24,25.07,47.19,7.51,19.96,11.88,9.32,5280.384537000001,62.97878019484852,10.022687841985853,-52.95609235286267,-20.929999999999993,0.08119796734782139,0.11139127855235835
India,2001,Asia,5991.69,2652.24,38.46,27.49,18.75,5.45,4.0,5.1,3687.2860259999993,44.67013324666883,30.467988300292493,-14.20214494637634,0.7499999999999982,0.23076923076923078,0.438186492171068
United States,2010,North America,6549.21,2909.29,12.02,28.16,17.15,18.46,3.94,12.44,5761.994958,32.00727438054103,19.493066606046828,-12.5142077744942,7.830000000000007,0.20700060350030175,0.24212904136665253
India,2018,Asia,5440.88,3032.23,8.82,42.78,24.98,14.34,5.49,9.28,4960.994384,46.91818381223952,27.396358850625134,-19.521824961614385,-5.689999999999994,0.3329778725673154,0.37734138972809667
United States,2006,North America,5692.07,4229.14,34.89,33.49,27.18,19.6,6.69,16.02,3706.106777,51.43603133159269,41.74473967132545,-9.69129166026724,-37.870000000000005,0.3732491073880802,0.7165831795412602
Brazil,2005,South America,6868.97,3921.78,20.37,43.3,0.36,11.98,7.31,5.36,5469.760811,54.37649127213362,0.4520909205073465,-53.924400351626275,11.32,0.0036130068245684463,0.004541440645893781
India,2001,Asia,2372.51,4412.17,34.64,21.96,20.22,17.71,10.84,13.77,1550.672536,33.59853121175031,30.936352509179926,-2.6621787025703867,-19.14,0.25344697919278014,0.4479397430217102
South Africa,2005,Africa,4170.69,5448.23,36.26,34.63,1.56,5.94,2.74,19.12,2658.3978059999995,54.33009099466584,2.447442736115469,-51.88264825855037,-0.25000000000000355,0.015847216578626575,0.025088452878739145
South Africa,2017,Africa,2159.07,5765.71,7.19,21.01,16.47,10.03,2.45,7.62,2003.8328670000003,22.637646805301152,17.745932550371727,-4.8917142549294255,35.23,0.19717466778402967,0.21574534975111342
Australia,2001,Oceania,7907.51,5139.61,35.92,21.88,8.63,6.01,7.09,12.07,5067.132408,34.14481897627965,13.46754057428215,-20.6772784019975,8.400000000000002,0.0944511327569224,0.15563570784490535
Japan,2017,Asia,7580.45,6706.46,20.69,47.19,9.2,19.63,11.06,6.37,6012.054895,59.500693481276,11.60005043500189,-47.90064304627411,-14.139999999999993,0.1013215859030837,0.1312223648552275
United States,2014,North America,795.7,520.34,22.87,24.18,10.59,17.25,4.51,14.39,613.7234100000001,31.349669389342672,13.730066122131468,-17.619603267211204,6.210000000000001,0.11844312716698356,0.15915238954012625
United States,2018,North America,5791.81,1692.13,26.93,35.97,18.64,17.79,10.34,13.26,4232.075567000001,49.22676885178596,25.50978513753935,-23.716983714246613,-22.930000000000007,0.22910521140609638,0.3424582031967665
Mexico,2001,North America,7439.36,449.91,37.42,32.33,10.02,19.07,5.38,11.11,4655.551487999999,51.661872802812404,16.01150527325024,-35.65036752956216,-15.329999999999998,0.11135807957323848,0.1906392694063927
Russia,2019,Europe,1854.32,4673.33,5.67,30.42,21.98,6.28,13.52,12.82,1749.180056,32.248489345913285,23.301176720025442,-8.947312625887843,9.309999999999992,0.281722635221738,0.3038009675190048
Japan,2005,Asia,4759.59,6327.0,21.69,47.0,12.14,10.78,13.64,18.45,3727.234929,60.01787766568765,15.502490103435065,-44.515387562252585,-23.699999999999996,0.1381743683132256,0.1834668278676137
Canada,2000,North America,7366.16,2006.98,29.07,20.65,2.05,6.07,5.86,7.94,5224.817288,29.113210207246574,2.890173410404624,-26.22303679684195,28.36000000000001,0.020929045431342518,0.02976190476190476
Australia,2023,Oceania,754.59,6518.43,30.29,39.91,23.51,8.16,4.99,5.34,526.0246890000001,57.25147037727728,33.7254339406111,-23.526036436666182,-12.19999999999999,0.30736043927310763,0.5088744588744587
Canada,2014,North America,5730.65,797.76,29.24,48.9,8.57,8.44,7.35,17.92,4055.00794,69.10684002261164,12.11136235161108,-56.99547767100056,-20.419999999999995,0.09373291042327463,0.13780350538671812
Canada,2022,North America,2730.12,6567.28,9.71,36.81,12.98,12.04,5.13,13.66,2465.025348,40.76863440026582,14.375899878170342,-26.392734522095473,9.669999999999987,0.1491611123879568,0.16789548570689436
Canada,2009,North America,7432.97,2720.71,15.48,48.1,20.56,9.03,10.74,18.36,6282.346244,56.90960719356366,24.32560340747752,-32.58400378608614,-22.270000000000003,0.2588116817724068,0.3214509068167604
Japan,2018,Asia,7782.94,1069.38,17.56,21.57,9.97,6.51,12.74,13.95,6416.255736,26.16448326055313,12.093643862202816,-14.070839398350314,17.7,0.11074086415639232,0.13757416862149857
Canada,2016,North America,7582.0,3606.75,33.16,32.56,1.7,7.51,10.75,17.15,5067.808800000001,48.71334530221424,2.5433871932974266,-46.169958108916816,-2.8299999999999983,0.017293997965412006,0.02609763586122198
South Africa,2004,Africa,4056.61,2094.73,14.76,27.8,11.22,7.21,12.72,11.45,3457.8543640000003,32.6137963397466,13.16283435007039,-19.45096198967621,14.84,0.1263798152737103,0.15158065387733047
Russia,2003,Europe,6965.32,2280.16,12.37,41.92,28.33,19.6,7.16,16.25,6103.709916,47.837498573547876,32.32911103503366,-15.508387538514214,-25.630000000000006,0.3952839402818473,0.47774030354131536
Russia,2009,Europe,6834.12,2428.11,38.51,49.44,19.25,16.39,4.03,18.7,4202.300388,80.40331761261993,31.305903398926656,-49.09741421369327,-46.31999999999999,0.23839009287925697,0.45572916666666663
Germany,2023,Europe,2893.25,5699.97,5.31,27.7,20.14,19.52,11.59,13.58,2739.618425,29.25335304678424,21.26940542823952,-7.983947618544722,2.159999999999995,0.25219133483596295,0.27015425888665323
Brazil,2016,South America,6716.87,3958.46,39.92,39.63,18.97,11.6,6.69,7.71,4035.495496,65.96205059920108,31.5745672436751,-34.38748335552597,-24.520000000000003,0.23411082315191903,0.4614449039163221
United States,2009,North America,777.56,2454.63,28.69,25.94,5.97,9.18,10.73,9.03,554.478036,36.376384798765955,8.371897349600337,-28.004487449165616,10.460000000000006,0.06349037541210252,0.0913682277318641
Mexico,2016,North America,4972.02,4428.2,34.0,36.96,12.55,16.97,5.52,7.98,3281.5332,56.00000000000001,19.015151515151516,-36.98484848484849,-13.98,0.14351057747284163,0.23479887745556596
United States,2019,North America,2225.07,5126.59,15.31,33.92,22.53,9.89,3.06,8.7,1884.411783,40.05195418585429,26.602904711300035,-13.449049474554258,6.5899999999999945,0.2908222537756551,0.3624517374517374
Brazil,2023,South America,1404.25,2199.32,5.5,49.16,3.04,9.49,14.9,9.6,1327.01625,52.02116402116401,3.2169312169312168,-48.8042328042328,8.310000000000004,0.03135313531353136,0.033238574240104964
Mexico,2004,North America,1077.15,3129.42,30.83,38.26,8.34,8.49,4.03,13.33,745.064655,55.31299696400173,12.057250252999854,-43.255746711001876,-3.279999999999996,0.09098843552258347,0.13710340292618772
Japan,2001,Asia,5722.17,1204.45,34.2,30.49,8.29,6.95,14.85,13.82,3765.1878599999995,46.33738601823708,12.598784194528875,-33.73860182370821,-8.599999999999996,0.09039363210118852,0.14414884367936012
India,2005,Asia,3049.06,1595.59,30.92,23.42,12.96,8.85,14.7,11.4,2106.2906479999997,33.902721482339324,18.76085697741749,-15.141864504921834,-2.2500000000000053,0.14889705882352944,0.23093371347113334
Japan,2020,Asia,5935.75,4895.38,10.0,24.54,29.41,10.33,12.32,14.23,5342.175,27.266666666666666,32.67777777777778,5.411111111111111,-0.8299999999999876,0.4166312508853945,0.48539362931176766
United States,2001,North America,990.17,1597.49,31.37,26.76,2.03,15.11,10.57,6.22,679.5536709999999,38.991694594200794,2.957890135509252,-36.03380445869154,7.93999999999999,0.020720628763907317,0.03048048048048048
United States,2012,North America,2864.68,3866.08,31.91,27.53,15.56,5.94,9.51,6.32,1950.560612,40.431781465707154,22.852107504773095,-17.57967396093406,3.2299999999999986,0.18427285646612981,0.2962116885589187
Mexico,2010,North America,4546.18,5079.71,28.05,45.52,5.38,8.16,13.26,7.58,3270.9765100000004,63.26615705350939,7.477414871438498,-55.78874218207089,-7.949999999999999,0.05685901500739801,0.08081718491813128
Mexico,2010,North America,6430.42,1105.39,31.81,36.84,29.12,17.14,5.76,12.77,4384.9033979999995,54.02551693796745,42.70420882827394,-11.321308109693511,-33.44000000000001,0.41083521444695265,0.7453288968518046
Brazil,2015,South America,2890.64,4144.26,34.61,35.7,3.4,7.2,8.08,8.21,1890.1894959999997,54.59550389967885,5.199571799969414,-49.39593209970944,2.799999999999999,0.035196687370600416,0.05484755605742861
Canada,2010,North America,5194.19,2093.31,26.48,23.44,12.11,10.14,10.05,9.25,3818.768488,31.88248095756257,16.47170837867247,-15.4107725788901,8.529999999999998,0.13778586869951073,0.19719915323237258
Japan,2018,Asia,7144.83,6755.32,8.1,45.8,22.14,17.97,7.35,11.0,6566.0987700000005,49.83677910772578,24.09140369967356,-25.745375408052222,-12.35999999999999,0.28435653737477523,0.31737385321100925
Mexico,2014,North America,5118.97,3591.4,22.07,41.68,21.14,7.32,7.56,17.18,3989.213321,53.48389580392659,27.12690876427563,-26.356987039650964,-16.949999999999992,0.26806999746386,0.3722486353231203
France,2022,Europe,2247.2,5719.55,7.72,22.03,12.68,6.24,6.29,5.21,2073.71616,23.872995231902905,13.740788903337666,-10.132206328565239,39.83,0.14521300961978928,0.1592964824120603
Brazil,2022,South America,683.01,4031.5,19.26,41.24,10.4,12.27,9.34,14.74,551.462274,51.07753282140204,12.880852117909338,-38.1966807034927,-7.250000000000005,0.11607142857142859,0.14785328404890533
South Africa,2015,Africa,7025.74,686.52,19.25,36.31,11.93,9.54,13.06,15.03,5673.2850499999995,44.965944272445824,14.773993808049536,-30.19195046439629,-5.120000000000001,0.13546042920404225,0.17335077012496367
United States,2010,North America,659.52,4578.8,7.31,22.45,7.93,13.45,4.62,16.98,611.309088,24.22052001294638,8.55539971949509,-15.66512029345129,27.26,0.08613011838818291,0.09355828220858896
Brazil,2021,South America,7060.26,6679.26,17.21,33.75,6.16,17.06,14.15,18.99,5845.189254,40.765792970165485,7.440512139147241,-33.32528083101825,-7.320000000000002,0.06564364876385337,0.08038627169515856
Japan,2015,Asia,4467.03,4370.64,8.88,34.54,14.49,7.06,10.96,5.3,4070.357736,37.90605794556628,15.902107111501316,-22.003950834064966,18.77,0.16945386504502397,0.18909043455565702
Mexico,2007,North America,7543.01,5806.65,33.29,24.97,8.06,13.71,12.7,7.31,5031.941971,37.43067006445809,12.082146604706939,-25.348523459751153,-0.03999999999999293,0.08766586904502938,0.13742540494458652
United States,2003,North America,6490.87,6235.76,38.17,48.37,8.62,12.58,9.23,18.29,4013.3049209999995,78.230632379104,13.941452369399968,-64.28918000970403,-35.26,0.09433136353687896,0.16199962413080246
India,2007,Asia,7984.51,1905.33,7.53,45.5,19.7,7.16,12.13,11.88,7383.276397,49.20514761544285,21.304206769763166,-27.90094084567968,-3.900000000000002,0.24533001245330013,0.2707159543768036
Brazil,2003,South America,3130.34,1799.5,38.43,40.07,29.06,14.36,2.21,13.47,1927.3503380000002,65.08039629689783,47.198310865681336,-17.882085431216495,-37.6,0.4096419509444601,0.8938788065210703
Australia,2023,Oceania,6253.91,4432.47,23.29,33.87,18.11,9.1,12.64,14.95,4797.374361,44.153304653891276,23.60839525485595,-20.544909399035326,-11.959999999999988,0.22115032360483575,0.3090443686006826
United States,2002,North America,3514.48,3112.79,15.48,32.35,2.31,12.32,2.52,15.19,2970.4384959999998,38.274964505442505,2.7330809275911028,-35.5418835778514,19.82999999999999,0.023646227863650324,0.02809877143899769
Japan,2002,Asia,4099.07,5943.08,7.69,39.53,2.27,6.23,13.57,18.98,3783.851517,42.82309608926443,2.4591051890369404,-40.36399090022749,11.73,0.023227258774173743,0.02521101732563305
Germany,2017,Europe,5206.29,6340.15,22.52,36.36,28.54,11.89,14.9,19.95,4033.833492,46.9282395456892,36.83531233866804,-10.092927207021162,-34.16,0.3993842709207948,0.58316305680425
France,2018,Europe,7052.58,2732.58,32.81,21.87,8.92,9.6,5.82,15.8,4738.628502,32.54948653073374,13.275785087066527,-19.27370144366721,5.179999999999989,0.09793588054457619,0.15308048738630511
China,2018,Asia,7880.63,1963.35,29.75,35.38,2.76,17.34,4.73,9.31,5536.142575,50.36298932384342,3.928825622775801,-46.43416370106762,0.7299999999999986,0.028383381324557793,0.04089494739961476
Canada,2020,North America,6262.05,5551.47,6.76,44.19,17.97,5.85,11.95,18.2,5838.73542,47.39382239382239,19.27284427284427,-28.12097812097812,-4.920000000000002,0.21906619529440446,0.2387405340773216
China,2004,Asia,3633.25,2213.72,7.55,33.78,18.71,11.28,5.29,5.74,3358.939625,36.53866955110871,20.237966468361275,-16.300703082747436,17.65,0.23016361176036415,0.2537293192297261
Japan,2017,Asia,3660.18,5829.25,19.1,21.56,19.46,11.88,13.25,8.47,2961.08562,26.650185414091464,24.054388133498144,-2.5957972805933203,6.279999999999999,0.24161907126893473,0.3167317708333333
South Africa,2009,Africa,6031.87,3196.67,15.34,43.59,8.02,15.88,3.34,18.46,5106.581142,51.48830616583984,9.473186865107488,-42.01511930073235,-4.630000000000006,0.08719286801478582,0.10464509394572025
South Africa,2021,Africa,2290.83,4805.83,13.13,26.04,0.45,13.61,3.64,8.84,1990.044021,29.975825946817082,0.5180154253482214,-29.45781052146886,34.290000000000006,0.0045203415369161224,0.005207127979634343
Germany,2020,Europe,1328.56,1030.53,14.84,27.76,28.95,15.01,14.73,8.31,1131.401696,32.597463597933306,33.994833255049315,1.397369657116009,-9.600000000000009,0.4074595355383533,0.5150329122931863
Canada,2005,North America,3159.67,4517.47,33.12,24.94,7.53,16.66,10.76,7.07,2113.187296,37.29066985645934,11.258971291866029,-26.03169856459331,-0.08000000000000362,0.0814318157240186,0.12687447346251055
Australia,2000,Oceania,2654.29,3381.67,37.52,29.91,20.28,17.93,13.01,17.89,1658.400392,47.87131882202305,32.4583866837388,-15.412932138284248,-36.540000000000006,0.25439036628198697,0.48056872037914694
Germany,2004,Europe,2722.31,4271.62,19.18,42.7,21.2,9.71,6.22,12.5,2200.170942,52.83345706508291,26.23113090819104,-26.60232615689187,-11.510000000000009,0.26903553299492383,0.35558537403555857
Russia,2008,Europe,2252.06,1508.89,36.71,35.58,18.3,13.07,10.79,15.12,1425.328774,56.21741191341444,28.914520461368305,-27.302891452046133,-29.57,0.22399020807833536,0.40675705712380533
China,2011,Asia,815.7,5263.37,16.25,26.15,9.39,17.6,9.73,8.59,683.1487500000001,31.223880597014926,11.211940298507464,-20.01194029850746,12.29,0.10363094581172057,0.1262775685852609
Germany,2013,Europe,634.05,6094.46,21.68,46.33,8.13,19.84,9.84,16.37,496.58795999999995,59.15474974463739,10.380490296220636,-48.77425944841676,-22.19000000000001,0.08849461195167084,0.1158284655933894
China,2001,Asia,7907.92,1830.48,12.91,46.39,17.93,18.34,10.87,16.4,6887.007528,53.26673556091399,20.587897577218968,-32.678837983695026,-22.839999999999996,0.2184720360667723,0.2592539039907461
United States,2016,North America,3708.3,1031.72,27.42,46.12,25.98,10.57,9.48,9.69,2691.48414,63.54367594378616,35.79498484430973,-27.74869109947643,-29.259999999999998,0.3509862199405566,0.5575107296137339
South Africa,2013,Africa,3382.45,556.01,39.26,27.16,28.4,7.93,7.58,11.16,2054.50013,44.71517945340796,46.75666776424102,2.04148831083306,-21.490000000000002,0.39664804469273746,0.8781694495980209
United States,2012,North America,5597.35,4637.01,26.12,33.54,3.18,12.34,5.59,8.15,4135.32218,45.39794260963725,4.304277206280456,-41.093665403356795,11.079999999999997,0.032844453625284036,0.044978783592645
France,2008,Europe,2136.9,4406.82,17.52,49.55,4.64,16.12,11.99,19.65,1762.51512,60.075169738118326,5.62560620756547,-54.44956353055286,-19.46999999999999,0.04865771812080537,0.05960945529290852
Russia,2014,Europe,7624.71,4008.2,27.67,43.16,28.34,12.39,4.94,14.68,5514.952743000001,59.67095257845983,39.18152910272363,-20.489423475736203,-31.18,0.39547864917666764,0.6442373266651512
Canada,2021,North America,6397.59,1930.85,9.3,20.82,22.1,12.25,11.0,19.02,5802.61413,22.954796030871,24.366041896361633,1.4112458654906312,5.5099999999999945,0.28369704749679076,0.3221574344023324
Australia,2014,Oceania,1170.58,2979.98,36.1,21.96,26.49,17.57,5.03,9.55,748.0006199999999,34.3661971830986,41.455399061032864,7.089201877934265,-16.700000000000003,0.3603591348115902,0.7080994386527666
China,2023,Asia,3631.86,4323.54,22.61,33.92,6.08,10.42,10.13,16.73,2810.6964540000004,43.829952190205454,7.856312185036826,-35.973640005168626,0.10999999999999588,0.06473594548551959,0.0852615341466835
Australia,2010,Oceania,7093.39,3678.66,20.73,47.28,17.63,17.9,11.71,16.49,5622.9302529999995,59.644253816071654,22.240444051974265,-37.40380976409739,-31.740000000000002,0.21403423576544856,0.28601557430240104
China,2015,Asia,7585.49,6919.38,25.51,36.16,21.03,11.1,4.84,15.37,5650.431501,48.54342864814069,28.231977446637135,-20.311451201503555,-14.010000000000002,0.2663036596175763,0.3933782267115601
Japan,2016,Asia,4005.51,1300.5,26.87,34.93,20.4,9.92,2.78,19.48,2929.2294630000006,47.764255435525776,27.895528510871053,-19.868726924654723,-14.380000000000003,0.2562814070351759,0.38687654086857576
Germany,2003,Europe,5100.59,4987.95,7.51,23.16,12.24,11.81,3.7,10.9,4717.535691,25.040544923775542,13.233863120337336,-11.806681803438206,30.679999999999993,0.13947128532360983,0.15252336448598133
France,2000,Europe,1752.75,3068.5,28.89,39.7,0.46,16.44,9.88,6.96,1246.380525,55.828997328083254,0.646885107579806,-55.18211222050345,-2.3300000000000063,0.004621257785814748,0.00651096956829441
South Africa,2007,Africa,7933.76,3226.12,13.47,44.66,17.49,6.89,13.04,15.08,6865.082528,51.61215763319079,20.212643013983588,-31.399514619207203,-10.629999999999994,0.2119743061447097,0.2533314020857474
Mexico,2016,North America,2237.54,5136.15,29.99,31.41,7.59,7.95,2.58,15.94,1566.501754,44.86501928295957,10.841308384516497,-34.02371089844308,4.540000000000012,0.08213396818526134,0.12159564242230052
China,2002,Asia,7570.49,4970.08,33.79,43.27,13.51,19.27,11.54,13.63,5012.421429,65.35266576045913,20.404772692946683,-44.94789306751245,-35.01,0.15620302925193666,0.2563567362428842
Australia,2019,Oceania,5372.35,6942.29,33.14,48.93,28.73,7.63,6.44,8.1,3591.95321,73.18276996709542,42.97038588094526,-30.212384086150166,-32.97,0.4031149151115477,0.7534749541043798
France,2014,Europe,5058.03,1247.4,24.34,26.11,11.97,13.52,8.22,12.57,3826.9054979999996,34.5096484271742,15.820777160983349,-18.68887126619085,3.269999999999998,0.1359763716914688,0.18794159208666983
India,2014,Asia,4345.16,1087.12,23.21,35.7,25.19,13.69,14.08,9.68,3336.648364,46.49042844120329,32.80375048834484,-13.686677952858453,-21.55000000000001,0.33671968988103196,0.4881782945736435
India,2023,Asia,2230.02,5180.64,10.0,28.61,5.66,12.34,6.32,11.41,2007.018,31.788888888888888,6.28888888888889,-25.5,25.66,0.05999576001695993,0.06710931942138962
United States,2021,North America,1823.96,4217.35,32.14,43.79,20.17,14.67,8.05,14.68,1237.739256,64.52991452991454,29.722959033303866,-34.80695549661067,-33.5,0.2526619065514218,0.4229398196686937
South Africa,2013,Africa,2153.65,2209.46,14.5,37.33,29.31,8.45,2.18,16.18,1841.37075,43.66081871345029,34.28070175438596,-9.380116959064331,-7.949999999999996,0.4146272457207526,0.5216230646022422
Mexico,2022,North America,1898.29,924.17,22.38,39.04,3.06,13.29,3.06,8.48,1473.452698,50.29631538263334,3.9422829167740274,-46.35403246585931,10.690000000000005,0.03156591706210027,0.041040772532188845
Japan,2013,Asia,6346.88,965.34,14.95,43.94,0.25,10.58,5.36,11.08,5398.02144,51.66372721928278,0.29394473838918284,-51.36978248089359,13.840000000000002,0.002506265664160401,0.00294811320754717
Australia,2023,Oceania,3125.94,6301.66,9.68,31.88,13.01,14.93,2.36,9.04,2823.349008,35.29672276350753,14.404340124003545,-20.892382639503985,19.1,0.14955742039314865,0.16828353382486097
Mexico,2001,North America,933.82,1666.32,27.03,47.45,2.78,7.12,10.21,7.98,681.408454,65.0267233109497,3.8097848430861996,-61.21693846786351,-2.5700000000000074,0.02859493931289858,0.03960678159281949
Germany,2012,Europe,7768.27,2534.25,6.9,35.99,22.45,13.56,7.54,16.75,7232.259370000001,38.65735767991407,24.113856068743285,-14.543501611170786,-3.190000000000005,0.28949065119277884,0.3177636234961076
Germany,2013,Europe,7128.39,1895.93,31.2,24.74,27.44,7.78,9.13,18.64,4904.3323199999995,35.95930232558139,39.88372093023256,3.924418604651173,-18.93,0.37816979051819183,0.6634429400386848
Australia,2023,Oceania,7458.14,2742.98,16.12,40.88,13.02,9.18,4.27,10.55,6255.887832,48.736289938006685,15.52217453505007,-33.214115402956615,5.979999999999993,0.14968958381237066,0.18374259102455545
Canada,2018,North America,7961.81,858.2,5.0,43.8,7.76,8.28,5.85,16.27,7563.7195,46.10526315789473,8.16842105263158,-37.93684210526315,13.040000000000003,0.08412836079791848,0.08895002292526365
Japan,2006,Asia,1804.21,3825.79,22.89,29.5,13.03,7.74,10.63,18.45,1391.226331,38.25703540396836,16.89793801063416,-21.3590973933342,-2.2400000000000055,0.1498217776244682,0.2033395755305868
France,2002,Europe,3471.82,846.24,6.64,45.72,21.7,17.39,14.55,17.69,3241.2911520000002,48.97172236503856,23.243359040274207,-25.728363324764352,-23.69,0.2771392081736909,0.30281886687133686
China,2014,Asia,6186.79,5682.35,14.67,47.18,0.27,9.29,2.66,7.74,5279.1879069999995,55.29122231337161,0.31641861010195715,-54.97480370326966,18.189999999999998,0.0027073097362879774,0.0031742299553256526
Canada,2022,North America,5720.15,1942.5,29.74,28.31,17.68,18.91,13.57,19.34,4018.9773899999996,40.29319669797893,25.16367776828921,-15.129518929689716,-27.549999999999997,0.21477162293488825,0.33624952453404333
China,2013,Asia,1654.22,3964.08,7.19,49.51,18.4,19.55,9.5,10.65,1535.281582,53.34554466113565,19.825449843766833,-33.520094817368815,-14.799999999999995,0.22549019607843138,0.2472785915871522
China,2010,Asia,6618.75,6208.52,34.38,24.22,19.13,13.57,9.33,10.09,4343.223749999999,36.90947881743371,29.152697348369394,-7.756781469064315,-10.719999999999994,0.23655249165327066,0.411486341148634
Canada,2014,North America,2183.3,4695.79,5.13,26.06,7.26,7.15,8.5,5.94,2071.29671,27.469168335617155,7.652577210920206,-19.81659112469695,39.96000000000001,0.07828337287039035,0.08286725259673552
United States,2012,North America,2178.63,3917.52,13.64,25.53,21.42,10.62,2.9,12.29,1881.4648680000003,29.562297359888838,24.803149606299215,-4.759147753589623,13.600000000000001,0.27258844489692036,0.32984293193717285
India,2017,Asia,4527.31,2540.6,30.93,46.82,2.74,16.97,3.17,6.64,3127.013017,67.78630374981903,3.966990010134647,-63.81931373968438,-7.270000000000008,0.02817191034340942,0.04130860847278759
China,2005,Asia,4947.05,2597.81,16.07,39.63,5.98,10.51,9.81,8.73,4152.0590649999995,47.21791969498391,7.124985106636483,-40.09293458834743,9.270000000000007,0.06360348861944268,0.0767158434894163
Canada,2002,North America,4850.65,4818.61,8.57,24.56,26.32,6.31,6.43,9.75,4434.949294999999,26.86208027999562,28.787050202340588,1.9249699223449674,18.060000000000002,0.3572204125950054,0.40423898018737514
Canada,2018,North America,1186.15,6961.32,17.61,33.21,22.16,13.35,13.92,17.13,977.268985,40.308289841000125,26.896468017963343,-13.411821823036782,-17.38,0.2846865364850976,0.3679229619790802
Russia,2014,Europe,7080.96,4768.14,14.46,38.46,0.41,17.68,7.29,18.13,6057.053183999999,44.96142155716624,0.47930792611643674,-44.482113631049806,3.5699999999999967,0.0041168792047394315,0.004816163514624692
Mexico,2022,North America,2492.0,4081.37,34.49,22.5,7.45,16.94,3.86,9.54,1632.5092,34.34590138910091,11.372309571057855,-22.973591818043055,5.219999999999988,0.08049702863317126,0.128315535652773
Brazil,2004,South America,1471.36,5222.29,15.97,46.47,6.43,7.63,11.29,17.88,1236.383808,55.301677972152795,7.652029037248602,-47.64964893490419,-5.669999999999995,0.06871860639093727,0.08286082474226804
United States,2009,North America,7165.61,3470.36,32.61,44.11,8.12,15.09,5.81,17.86,4828.904578999999,65.45481525448879,12.04926546965425,-53.40554978483454,-23.599999999999998,0.08837614279494993,0.13700016871941958
South Africa,2006,Africa,7667.39,796.94,36.22,35.16,7.43,8.31,8.83,16.47,4890.261342000001,55.126999059266225,11.649419880840387,-43.47757917842584,-12.419999999999995,0.08026358431457276,0.13185448092280388
Brazil,2016,South America,6965.96,4111.16,20.18,49.01,1.88,8.27,11.07,7.2,5560.2292720000005,61.40065146579805,2.3552994237033325,-59.04535204209472,2.389999999999996,0.01916021198532409,0.024121118809340515
Mexico,2006,North America,6571.37,6720.33,36.85,32.53,13.77,18.11,13.7,15.35,4149.820154999999,51.51227236737926,21.80522565320665,-29.70704671417261,-30.310000000000002,0.15968920329351732,0.27885783718104495
Mexico,2021,North America,5414.31,1557.0,18.21,49.52,21.98,8.75,12.3,19.18,4428.364149,60.5452989363003,26.873700941435384,-33.67159799486491,-29.940000000000012,0.281722635221738,0.3674970740678817
Mexico,2011,North America,4631.43,4954.03,38.74,40.04,18.2,8.95,10.79,15.24,2837.214018,65.36075742735879,29.709435194254,-35.65132223310479,-31.96,0.22249388753056235,0.4226660473757547
Brazil,2016,South America,1152.4,1726.16,8.13,39.04,20.19,5.01,10.84,9.97,1058.70988,42.494829650593225,21.976706215304233,-20.51812343528899,6.820000000000002,0.252975817566721,0.2816685267857143
Australia,2012,Oceania,3563.4,3936.46,29.05,24.98,2.43,18.06,14.3,12.51,2528.2323,35.207892882311484,3.4249471458773786,-31.782945736434105,-1.33,0.02490519626934509,0.03546409807355517
India,2019,Asia,3295.16,1038.06,22.28,46.46,28.54,16.89,5.85,14.69,2560.998352,59.77869274318065,36.72156459083891,-23.05712815234174,-34.71,0.3993842709207948,0.5803172021146807
Canada,2003,North America,2448.15,3372.45,18.57,32.82,25.15,14.41,2.01,12.66,1993.5285450000001,40.30455606041999,30.885423062753283,-9.419132997666708,-5.619999999999992,0.3360053440213761,0.44687277896233113
India,2009,Asia,5925.65,5390.68,27.14,24.87,24.15,16.25,5.54,6.8,4317.4285899999995,34.13395553115564,33.14575898984353,-0.9881965413121137,-4.7500000000000036,0.31839156229400134,0.4957914185998767
Japan,2002,Asia,4219.07,2693.97,29.63,20.38,24.69,7.28,4.83,9.68,2968.959559,28.961205058973995,35.085974136705985,6.12476907773199,3.510000000000007,0.3278449077147789,0.5404991243432574
Australia,2008,Oceania,1107.85,4788.42,5.15,36.79,27.98,11.87,10.6,17.04,1050.795725,38.78755930416447,29.499209277807065,-9.288350026357403,-9.430000000000005,0.3885031935573452,0.41842380738746826
South Africa,2012,Africa,2151.37,5649.97,10.84,35.82,16.33,10.27,10.24,17.92,1918.1614919999997,40.174966352624494,18.315388066397485,-21.85957828622701,-1.4200000000000017,0.19517150711127043,0.2242207881367568
India,2017,Asia,5624.44,6519.37,29.96,41.58,6.01,6.41,9.71,7.06,3939.3577759999994,59.36607652769846,8.580810965162765,-50.7852655625357,-0.7300000000000049,0.0639429726566656,0.09386225206934251
Germany,2014,Europe,1070.98,1948.64,28.32,46.71,18.5,12.29,2.21,19.29,767.678464,65.16462053571428,25.809151785714285,-39.35546874999999,-27.319999999999993,0.22699386503067484,0.3478751410304625
Mexico,2003,North America,6884.05,3035.49,38.81,22.38,22.29,18.81,11.47,9.93,4212.350195,36.574603693413955,36.42752083673803,-0.14708285667592236,-23.689999999999998,0.28683567108480246,0.5730077120822623
China,2014,Asia,4213.6,1405.95,31.64,41.94,22.14,5.6,6.21,14.93,2880.41696,61.351667641895844,32.38736102984202,-28.964306612053825,-22.459999999999997,0.28435653737477523,0.4790134141064476
Japan,2021,Asia,4104.4,6950.39,38.28,25.62,15.64,9.37,10.65,16.28,2533.23568,41.5100453661698,25.340246273493193,-16.169799092676605,-15.840000000000007,0.1853959222380275,0.3394097222222222
United States,2001,North America,4943.06,6518.21,29.59,45.75,2.05,8.11,9.24,17.18,3480.408546,64.97656582871751,2.911518250248544,-62.06504757846897,-11.920000000000003,0.020929045431342518,0.029988297249853715
South Africa,2014,Africa,6685.11,3963.72,15.43,44.57,11.13,8.57,6.46,19.19,5653.597527,52.701903748374136,13.1606952820149,-39.54120846635924,-5.350000000000012,0.12523911331157872,0.15155228758169936
Japan,2007,Asia,3108.57,5957.42,8.69,36.22,27.62,18.63,3.75,9.69,2838.4352670000003,39.667068229109624,30.2486036578688,-9.418464571240825,-4.599999999999996,0.38159712627797737,0.4336630554247135
Mexico,2007,North America,5585.12,3838.32,32.36,41.31,17.53,12.02,3.23,17.88,3777.775168,61.07332939089296,25.916617386162034,-35.15671200473092,-24.330000000000002,0.21256214380987026,0.34983037317900617
China,2016,Asia,4742.99,4515.67,27.55,29.43,16.15,11.99,12.81,6.98,3436.2962549999993,40.62111801242236,22.291235334713594,-18.329882677708763,-4.909999999999997,0.19260584376863446,0.28685612788632325
Australia,2011,Oceania,2502.71,988.22,6.69,34.14,8.07,16.41,13.94,15.58,2335.278701,36.58771835816097,8.648590719108348,-27.93912763905262,5.17,0.08778418361797019,0.09467386203660254
China,2018,Asia,7089.72,5384.78,17.6,44.65,11.05,7.32,10.45,16.13,5841.92928,54.18689320388349,13.410194174757281,-40.77669902912621,-7.199999999999992,0.12422709387296234,0.15487035739313246
Brazil,2009,South America,6480.7,1242.91,38.49,33.78,26.86,12.31,3.34,15.17,3986.27857,54.917899528531954,43.66769630954316,-11.250203218988794,-29.950000000000003,0.3672409078479628,0.775180375180375
China,2008,Asia,5438.39,5852.05,22.51,30.73,19.99,11.45,7.23,8.78,4214.208411,39.65672990063234,25.796877016389214,-13.859852884243129,-0.6900000000000066,0.24984376952880885,0.34765217391304354
Brazil,2004,South America,6879.36,5561.39,20.15,34.83,23.62,13.95,11.48,18.1,5493.16896,43.619286161552914,29.580463368816535,-14.03882279273638,-22.130000000000006,0.3092432573972244,0.42006046594344665
Australia,2005,Oceania,7004.71,5077.72,21.02,44.85,13.63,19.99,12.14,7.53,5532.319958,56.786528234996204,17.257533552798176,-39.52899468219803,-19.16,0.157809424568716,0.20856924254016831
France,2019,Europe,5812.72,638.66,12.31,30.06,18.91,16.54,3.54,5.8,5097.1741680000005,34.27984946972289,21.564602577260807,-12.715246892462083,12.84,0.2331976815883586,0.274934574004071
Mexico,2001,North America,6777.6,2400.65,17.9,25.21,7.45,10.97,2.0,15.76,5564.4096,30.706455542021928,9.074299634591961,-21.63215590742997,20.709999999999994,0.08049702863317126,0.09979906229068988
Brazil,2023,South America,5731.04,2136.54,17.94,41.36,21.16,17.41,11.26,12.13,4702.891424,50.402144772117964,25.78601023641238,-24.616134535705584,-21.259999999999998,0.26839167935058345,0.3474548440065682
United States,2012,North America,5601.06,2776.9,6.83,44.78,12.83,7.56,6.64,17.74,5218.507602000001,48.06268112053236,13.77052699366749,-34.29215412686487,3.6200000000000045,0.14718366410462314,0.15969629076425193
China,2005,Asia,5139.59,978.44,31.86,23.02,13.28,5.46,5.31,10.75,3502.116626,33.78338714411505,19.489286762547696,-14.294100381567358,10.320000000000004,0.15313653136531366,0.24207072548304778
China,2004,Asia,6145.37,6583.92,19.58,27.2,19.48,8.07,2.17,7.52,4942.106554,33.82243223078836,24.222830141755782,-9.599602089032576,15.979999999999993,0.24192747143566817,0.319658680669511
United States,2000,North America,1689.54,4055.09,33.78,24.26,28.09,10.11,9.02,17.55,1118.813388,36.635457565690125,42.41920869827847,5.783751132588343,-22.810000000000006,0.3906271728549576,0.7366902701285077
Germany,2020,Europe,7106.53,2416.46,34.76,30.44,1.92,12.66,13.06,13.23,4636.300172,46.6584917228694,2.9429797670141014,-43.7155119558553,-6.069999999999991,0.01957585644371941,0.030322173089071376
Canada,2021,North America,7038.83,3020.08,12.42,33.51,24.74,14.23,14.45,7.84,6164.607314,38.262160310573194,28.24845855218086,-10.013701758392333,-7.189999999999998,0.3287270794578793,0.3936982813494589
France,2020,Europe,719.35,3351.54,28.01,42.46,8.77,18.66,9.35,15.81,517.860065,58.98041394638145,12.182247534379776,-46.79816641200167,-23.060000000000006,0.09613065877452591,0.13872192344194878
South Africa,2005,Africa,6693.63,4363.92,21.53,39.53,13.32,12.65,8.69,12.67,5252.491461,50.37593984962406,16.97463998980502,-33.40129985981904,-8.390000000000002,0.15366866635902168,0.2044512663085188
Brazil,2005,South America,1466.52,3803.48,35.81,38.63,0.66,12.52,3.11,14.06,941.3591879999999,60.18071350677676,1.0281975385574078,-59.152515968219355,-4.7900000000000045,0.006643849406080129,0.010388792696363924
United States,2022,North America,3013.39,6467.99,12.55,30.57,9.03,5.75,9.14,11.91,2635.209555,34.95711835334477,10.325900514579759,-24.63121783876501,21.05,0.09926349345938221,0.11514919663351185
Australia,2015,Oceania,6076.31,3679.96,28.72,45.24,15.08,5.52,6.94,17.43,4331.193768,63.468013468013474,21.156004489337825,-42.31200897867565,-18.93,0.17757889778615166,0.2683274021352313
Brazil,2003,South America,1705.7,6948.24,26.27,34.14,1.69,13.27,9.89,17.44,1257.6126100000001,46.30408246304082,2.29214702292147,-44.01193544011935,-2.6999999999999957,0.01719051978435561,0.023459189339255965
Canada,2010,North America,6634.75,6019.4,15.34,49.37,14.73,11.57,7.05,15.64,5616.9793500000005,58.31561540278762,17.39900779588944,-40.91660760689818,-13.700000000000003,0.1727453969743169,0.21063921063921065
Australia,2023,Oceania,6741.01,1776.17,9.78,39.02,27.81,17.59,5.12,6.58,6081.739222,43.24983373974729,30.824650853469297,-12.425182886277991,-5.900000000000003,0.38523341182989335,0.4456016663996155
Japan,2022,Asia,4306.01,6541.93,27.81,23.79,3.16,7.41,3.23,17.58,3108.508619,32.95470286743316,4.377337581382464,-28.5773652860507,17.020000000000003,0.032631144155307726,0.04577719831957121
Mexico,2008,North America,547.89,1168.02,30.85,40.29,22.93,5.37,6.09,15.07,378.865935,58.264642082429496,33.15979754157628,-25.104844540853215,-20.599999999999994,0.297521733489036,0.49610558199913446
China,2022,Asia,2652.79,5795.17,16.05,29.75,12.29,11.74,3.26,15.46,2227.017205,35.43776057176891,14.639666468135793,-20.79809410363312,11.450000000000003,0.14012085281039788,0.1715043259838124
Japan,2002,Asia,5126.95,2912.11,27.57,40.59,19.66,8.56,4.3,10.44,3713.4498849999995,56.040314786690594,27.143448847162777,-28.896865939527817,-11.119999999999997,0.24470998257406024,0.37256016676141746
Brazil,2018,South America,7858.9,6194.63,18.83,22.09,7.81,5.74,14.84,18.19,6379.06913,27.214488111371193,9.621781446347171,-17.59270666502402,12.499999999999993,0.08471634667534439,0.10646128680479826
Canada,2007,North America,5238.6,6129.17,29.96,25.25,4.78,15.87,7.77,15.88,3669.1154399999996,36.05082809822959,6.824671616219305,-29.226156482010282,0.4899999999999931,0.05019953791220332,0.07324547961998162
France,2004,Europe,2448.53,5719.11,11.97,45.67,4.81,6.67,8.91,6.69,2155.440959,51.880040895149385,5.464046347835964,-46.41599454731342,15.279999999999994,0.05053051791154533,0.05779860610430184
Mexico,2003,North America,5255.04,5614.2,36.16,26.82,2.11,14.12,13.36,11.12,3354.8175360000005,42.01127819548872,3.3051378446115285,-38.70614035087719,-3.6899999999999924,0.021554806415364183,0.034181111291106424
Brazil,2023,South America,4549.89,2410.88,15.06,45.11,5.57,9.22,14.94,18.3,3864.676566,53.10807628914528,6.557570049446669,-46.55050623969861,-8.200000000000001,0.05898549189876098,0.0701776489857629
United States,2005,North America,6348.84,934.07,17.87,28.38,19.93,7.6,9.58,5.71,5214.302292,34.554973821989535,24.266406915865094,-10.28856690612444,10.93,0.24890720619457976,0.3204180064308682
